entry_nope,exit_nope,window,stop_loss_nope,success_rate,total_trades, total_PNL , mean_of_returns , standard_deviation , average_hold_time ,median_hold_time,day,dayNum
80,70,10,1000,100.0%,2, 2.15 , 1.07 , 0.63 , 15.00 ,15,Tuesday, 2 
85,75,10,1000,100.0%,2, 1.75 , 0.88 , 0.91 , 10.00 ,10,Tuesday, 2 
90,80,10,1000,100.0%,1, 1.52 , 1.52 , NaN , 5.00 ,5,Tuesday, 2 
80,65,15,1000,100.0%,2, 2.15 , 1.07 , 0.63 , 15.00 ,15,Tuesday, 2 
85,70,15,1000,100.0%,2, 2.15 , 1.07 , 0.63 , 15.00 ,15,Tuesday, 2 
90,75,15,1000,100.0%,1, 1.52 , 1.52 , NaN , 5.00 ,5,Tuesday, 2 
80,60,20,1000,100.0%,2, 2.15 , 1.07 , 0.63 , 15.00 ,15,Tuesday, 2 
85,65,20,1000,100.0%,2, 2.15 , 1.07 , 0.63 , 15.00 ,15,Tuesday, 2 
90,70,20,1000,100.0%,1, 1.52 , 1.52 , NaN , 5.00 ,5,Tuesday, 2 
90,70,20,1000,100.0%,7, 1.54 , 0.22 , 0.33 , 82.86 ,65,Thursday, 4 
80,55,25,1000,100.0%,2, 2.15 , 1.07 , 0.63 , 15.00 ,15,Tuesday, 2 
85,60,25,1000,100.0%,2, 2.15 , 1.07 , 0.63 , 15.00 ,15,Tuesday, 2 
90,65,25,1000,100.0%,1, 1.52 , 1.52 , NaN , 5.00 ,5,Tuesday, 2 
90,65,25,1000,100.0%,7, 1.97 , 0.28 , 0.49 , 90.00 ,65,Thursday, 4 
95,70,25,1000,100.0%,6, 1.79 , 0.30 , 0.32 , 95.00 ,65,Thursday, 4 
80,50,30,1000,100.0%,2, 2.34 , 1.17 , 0.49 , 17.50 ,17.5,Tuesday, 2 
85,55,30,1000,100.0%,2, 2.15 , 1.07 , 0.63 , 15.00 ,15,Tuesday, 2 
90,60,30,1000,100.0%,1, 1.52 , 1.52 , NaN , 5.00 ,5,Tuesday, 2 
95,65,30,1000,100.0%,6, 2.22 , 0.37 , 0.49 , 103.33 ,65,Thursday, 4 
80,45,35,1000,100.0%,2, 2.34 , 1.17 , 0.49 , 17.50 ,17.5,Tuesday, 2 
85,50,35,1000,100.0%,2, 2.34 , 1.17 , 0.49 , 17.50 ,17.5,Tuesday, 2 
90,55,35,1000,100.0%,1, 1.52 , 1.52 , NaN , 5.00 ,5,Tuesday, 2 
80,40,40,1000,100.0%,2, 2.34 , 1.17 , 0.49 , 17.50 ,17.5,Tuesday, 2 
85,45,40,1000,100.0%,2, 2.34 , 1.17 , 0.49 , 17.50 ,17.5,Tuesday, 2 
90,50,40,1000,100.0%,1, 1.52 , 1.52 , NaN , 5.00 ,5,Tuesday, 2 
80,35,45,1000,100.0%,2, 2.45 , 1.22 , 0.42 , 85.00 ,85,Tuesday, 2 
85,40,45,1000,100.0%,2, 2.34 , 1.17 , 0.49 , 17.50 ,17.5,Tuesday, 2 
90,45,45,1000,100.0%,1, 1.52 , 1.52 , NaN , 5.00 ,5,Tuesday, 2 
80,30,50,1000,100.0%,2, 2.45 , 1.22 , 0.42 , 85.00 ,85,Tuesday, 2 
85,35,50,1000,100.0%,2, 2.45 , 1.22 , 0.42 , 85.00 ,85,Tuesday, 2 
90,40,50,1000,100.0%,1, 1.52 , 1.52 , NaN , 5.00 ,5,Tuesday, 2 
80,25,55,1000,100.0%,2, 2.48 , 1.24 , 0.40 , 90.00 ,90,Tuesday, 2 
85,30,55,1000,100.0%,2, 2.45 , 1.22 , 0.42 , 85.00 ,85,Tuesday, 2 
90,35,55,1000,100.0%,1, 1.52 , 1.52 , NaN , 5.00 ,5,Tuesday, 2 
80,20,60,1000,100.0%,2, 2.67 , 1.33 , 0.26 , 100.00 ,100,Tuesday, 2 
85,25,60,1000,100.0%,2, 2.48 , 1.24 , 0.40 , 90.00 ,90,Tuesday, 2 
90,30,60,1000,100.0%,1, 1.52 , 1.52 , NaN , 5.00 ,5,Tuesday, 2 
80,15,65,1000,100.0%,2, 2.67 , 1.33 , 0.26 , 100.00 ,100,Tuesday, 2 
85,20,65,1000,100.0%,2, 2.67 , 1.33 , 0.26 , 100.00 ,100,Tuesday, 2 
90,25,65,1000,100.0%,1, 1.52 , 1.52 , NaN , 5.00 ,5,Tuesday, 2 
80,10,70,1000,100.0%,2, 2.86 , 1.43 , 0.13 , 120.00 ,120,Tuesday, 2 
85,15,70,1000,100.0%,2, 2.67 , 1.33 , 0.26 , 100.00 ,100,Tuesday, 2 
90,20,70,1000,100.0%,1, 1.52 , 1.52 , NaN , 5.00 ,5,Tuesday, 2 
80,5,75,1000,100.0%,2, 2.86 , 1.43 , 0.13 , 120.00 ,120,Tuesday, 2 
85,10,75,1000,100.0%,2, 2.86 , 1.43 , 0.13 , 120.00 ,120,Tuesday, 2 
90,15,75,1000,100.0%,1, 1.52 , 1.52 , NaN , 5.00 ,5,Tuesday, 2 
80,0,80,1000,100.0%,2, 2.94 , 1.47 , 0.07 , 122.50 ,122.5,Tuesday, 2 
85,5,80,1000,100.0%,2, 2.86 , 1.43 , 0.13 , 120.00 ,120,Tuesday, 2 
90,10,80,1000,100.0%,1, 1.52 , 1.52 , NaN , 5.00 ,5,Tuesday, 2 
85,0,85,1000,100.0%,2, 2.94 , 1.47 , 0.07 , 122.50 ,122.5,Tuesday, 2 
90,5,85,1000,100.0%,1, 1.52 , 1.52 , NaN , 5.00 ,5,Tuesday, 2 
90,0,90,1000,100.0%,1, 1.52 , 1.52 , NaN , 5.00 ,5,Tuesday, 2 
65,55,10,1000,88.2%,17, 6.13 , 0.36 , 0.27 , 24.71 ,25,Tuesday, 2 
90,75,15,1000,87.5%,8, 1.45 , 0.18 , 0.34 , 71.25 ,40,Thursday, 4 
20,10,10,1000,86.9%,61, 25.45 , 0.42 , 0.91 , 70.74 ,40,Tuesday, 2 
65,50,15,1000,86.7%,15, 5.19 , 0.35 , 0.28 , 35.67 ,35,Tuesday, 2 
45,35,10,1000,85.7%,28, 7.29 , 0.26 , 0.51 , 55.18 ,35,Tuesday, 2 
65,45,20,1000,85.7%,14, 5.06 , 0.36 , 0.31 , 41.79 ,37.5,Tuesday, 2 
95,75,20,1000,85.7%,7, 1.70 , 0.24 , 0.35 , 80.00 ,45,Thursday, 4 
90,60,30,1000,85.7%,7, 1.85 , 0.26 , 0.69 , 92.86 ,70,Thursday, 4 
90,55,35,1000,85.7%,7, 2.28 , 0.33 , 0.70 , 94.29 ,70,Thursday, 4 
60,50,10,1000,84.2%,19, 7.09 , 0.37 , 0.40 , 31.32 ,30,Tuesday, 2 
75,65,10,1000,83.3%,6, 1.68 , 0.28 , 0.32 , 15.83 ,15,Tuesday, 2 
60,45,15,1000,83.3%,18, 7.08 , 0.39 , 0.42 , 36.39 ,30,Tuesday, 2 
75,60,15,1000,83.3%,6, 2.63 , 0.44 , 0.41 , 19.17 ,20,Tuesday, 2 
75,55,20,1000,83.3%,6, 2.87 , 0.48 , 0.41 , 20.00 ,22.5,Tuesday, 2 
60,35,25,1000,83.3%,12, 6.99 , 0.58 , 0.53 , 72.08 ,50,Tuesday, 2 
65,40,25,1000,83.3%,12, 5.02 , 0.42 , 0.37 , 57.92 ,50,Tuesday, 2 
75,50,25,1000,83.3%,6, 2.96 , 0.49 , 0.43 , 29.17 ,25,Tuesday, 2 
60,30,30,1000,83.3%,12, 7.22 , 0.60 , 0.54 , 74.17 ,50,Tuesday, 2 
75,45,30,1000,83.3%,6, 3.06 , 0.51 , 0.45 , 30.83 ,27.5,Tuesday, 2 
75,40,35,1000,83.3%,6, 3.27 , 0.54 , 0.48 , 38.33 ,40,Tuesday, 2 
95,60,35,1000,83.3%,6, 2.10 , 0.35 , 0.69 , 106.67 ,72.5,Thursday, 4 
75,35,40,1000,83.3%,6, 4.55 , 0.76 , 0.55 , 62.50 ,50,Tuesday, 2 
95,55,40,1000,83.3%,6, 2.53 , 0.42 , 0.69 , 108.33 ,72.5,Thursday, 4 
75,30,45,1000,83.3%,6, 4.78 , 0.80 , 0.59 , 66.67 ,62.5,Tuesday, 2 
75,25,50,1000,83.3%,6, 5.11 , 0.85 , 0.59 , 69.17 ,65,Tuesday, 2 
75,20,55,1000,83.3%,6, 5.92 , 0.99 , 0.66 , 75.00 ,65,Tuesday, 2 
75,15,60,1000,83.3%,6, 8.89 , 1.48 , 1.26 , 79.17 ,70,Tuesday, 2 
75,10,65,1000,83.3%,6, 9.34 , 1.56 , 1.24 , 86.67 ,72.5,Tuesday, 2 
75,5,70,1000,83.3%,6, 9.34 , 1.56 , 1.24 , 86.67 ,72.5,Tuesday, 2 
75,0,75,1000,83.3%,6, 9.42 , 1.57 , 1.23 , 87.50 ,72.5,Tuesday, 2 
20,5,15,1000,83.1%,59, 28.49 , 0.48 , 0.98 , 77.20 ,45,Tuesday, 2 
10,0,10,1000,82.8%,87, 37.83 , 0.43 , 1.09 , 77.01 ,55,Tuesday, 2 
55,45,10,1000,82.6%,23, 6.04 , 0.26 , 0.42 , 37.39 ,35,Tuesday, 2 
15,5,10,1000,82.4%,74, 29.50 , 0.40 , 1.06 , 72.64 ,45,Tuesday, 2 
65,55,10,1000,82.4%,17, 3.43 , 0.20 , 0.70 , 69.12 ,25,Thursday, 4 
65,45,20,1000,82.4%,34, 6.99 , 0.21 , 0.68 , 70.44 ,32.5,Wednesday, 3 
80,25,55,1000,82.4%,17, 4.91 , 0.29 , 0.99 , 119.12 ,95,Wednesday, 3 
80,20,60,1000,82.4%,17, 5.31 , 0.31 , 1.02 , 120.88 ,95,Wednesday, 3 
80,15,65,1000,82.4%,17, 6.24 , 0.37 , 1.06 , 121.76 ,95,Wednesday, 3 
20,0,20,1000,82.1%,56, 31.92 , 0.57 , 1.07 , 88.84 ,60,Tuesday, 2 
65,25,40,1000,82.1%,28, 8.71 , 0.31 , 0.85 , 106.61 ,75,Wednesday, 3 
65,20,45,1000,82.1%,28, 9.62 , 0.34 , 0.87 , 108.21 ,80,Wednesday, 3 
65,15,50,1000,82.1%,28, 11.91 , 0.43 , 0.93 , 111.25 ,90,Wednesday, 3 
25,15,10,1000,81.8%,44, 16.67 , 0.38 , 1.05 , 73.07 ,35,Tuesday, 2 
70,55,15,1000,81.8%,11, 4.50 , 0.41 , 0.31 , 28.64 ,30,Tuesday, 2 
65,40,25,1000,81.8%,33, 8.66 , 0.26 , 0.74 , 74.39 ,35,Wednesday, 3 
60,25,35,1000,81.8%,11, 6.83 , 0.62 , 0.56 , 85.00 ,40,Tuesday, 2 
70,60,10,1000,81.3%,16, 1.53 , 0.10 , 0.62 , 68.75 ,20,Thursday, 4 
70,55,15,1000,81.3%,16, 2.97 , 0.19 , 0.69 , 70.63 ,25,Thursday, 4 
60,20,40,1000,81.3%,32, 9.54 , 0.30 , 0.90 , 105.31 ,75,Wednesday, 3 
60,15,45,1000,81.3%,32, 12.09 , 0.38 , 0.95 , 109.84 ,85,Wednesday, 3 
80,10,70,1000,81.3%,16, 5.64 , 0.35 , 1.15 , 136.56 ,117.5,Wednesday, 3 
80,5,75,1000,81.3%,16, 5.81 , 0.36 , 1.16 , 137.19 ,117.5,Wednesday, 3 
80,0,80,1000,81.3%,16, 5.81 , 0.36 , 1.16 , 137.19 ,117.5,Wednesday, 3 
60,35,25,1000,81.1%,37, 8.85 , 0.24 , 0.75 , 76.62 ,45,Wednesday, 3 
65,55,10,1000,81.0%,42, 6.63 , 0.16 , 0.61 , 50.83 ,22.5,Wednesday, 3 
50,35,15,1000,81.0%,21, 5.93 , 0.28 , 0.60 , 59.52 ,35,Tuesday, 2 
15,0,15,1000,80.9%,68, 33.31 , 0.49 , 1.20 , 87.28 ,65,Tuesday, 2 
50,35,15,1000,80.9%,47, 4.59 , 0.10 , 0.75 , 68.94 ,30,Monday, 1 
65,35,30,1000,80.6%,31, 9.09 , 0.29 , 0.77 , 83.06 ,50,Wednesday, 3 
30,15,15,1000,80.6%,36, 15.50 , 0.43 , 1.11 , 81.94 ,50,Tuesday, 2 
65,50,15,1000,80.6%,36, 6.72 , 0.19 , 0.66 , 63.47 ,30,Wednesday, 3 
75,65,10,1000,80.0%,30, 3.05 , 0.10 , 0.51 , 43.00 ,27.5,Monday, 1 
50,40,10,1000,80.0%,25, 5.52 , 0.22 , 0.46 , 46.40 ,30,Tuesday, 2 
70,55,15,1000,80.0%,35, 6.33 , 0.18 , 0.66 , 55.86 ,25,Wednesday, 3 
65,50,15,1000,80.0%,15, 3.65 , 0.24 , 0.77 , 82.00 ,35,Thursday, 4 
50,30,20,1000,80.0%,20, 5.95 , 0.30 , 0.62 , 66.25 ,50,Tuesday, 2 
55,35,20,1000,80.0%,15, 5.19 , 0.35 , 0.58 , 71.00 ,55,Tuesday, 2 
70,50,20,1000,80.0%,10, 3.85 , 0.38 , 0.33 , 40.50 ,32.5,Tuesday, 2 
70,45,25,1000,80.0%,10, 4.36 , 0.44 , 0.36 , 42.00 ,37.5,Tuesday, 2 
65,35,30,1000,80.0%,10, 5.69 , 0.57 , 0.50 , 80.00 ,60,Tuesday, 2 
70,40,30,1000,80.0%,10, 4.75 , 0.47 , 0.38 , 53.00 ,47.5,Tuesday, 2 
65,30,35,1000,80.0%,10, 5.92 , 0.59 , 0.52 , 82.50 ,62.5,Tuesday, 2 
55,15,40,1000,80.0%,35, 11.82 , 0.34 , 0.96 , 105.71 ,80,Wednesday, 3 
60,50,10,1000,79.5%,44, 6.33 , 0.14 , 0.64 , 56.93 ,30,Wednesday, 3 
70,45,25,1000,79.3%,29, 7.06 , 0.24 , 0.74 , 74.48 ,35,Wednesday, 3 
65,30,35,1000,79.3%,29, 8.18 , 0.28 , 0.81 , 100.69 ,60,Wednesday, 3 
45,30,15,1000,79.2%,24, 5.08 , 0.21 , 0.60 , 69.79 ,52.5,Tuesday, 2 
80,65,15,1000,79.2%,24, 2.09 , 0.09 , 0.72 , 64.58 ,22.5,Wednesday, 3 
70,25,45,1000,79.2%,24, 8.45 , 0.35 , 0.92 , 103.54 ,70,Wednesday, 3 
70,20,50,1000,79.2%,24, 9.19 , 0.38 , 0.94 , 105.00 ,77.5,Wednesday, 3 
70,15,55,1000,79.2%,24, 11.39 , 0.47 , 1.02 , 106.25 ,82.5,Wednesday, 3 
25,10,15,1000,78.9%,38, 15.53 , 0.41 , 1.14 , 91.97 ,52.5,Tuesday, 2 
50,25,25,1000,78.9%,19, 5.66 , 0.30 , 0.63 , 72.11 ,45,Tuesday, 2 
50,20,30,1000,78.9%,19, 7.18 , 0.38 , 0.77 , 80.79 ,60,Tuesday, 2 
50,15,35,1000,78.9%,19, 14.61 , 0.77 , 1.40 , 83.68 ,60,Tuesday, 2 
50,40,10,1000,78.8%,52, 3.37 , 0.06 , 0.67 , 57.79 ,27.5,Monday, 1 
75,65,10,1000,78.8%,33, 3.26 , 0.10 , 0.63 , 50.91 ,15,Wednesday, 3 
35,25,10,1000,78.8%,33, 6.64 , 0.20 , 0.69 , 75.00 ,50,Thursday, 4 
60,40,20,1000,78.6%,14, 6.07 , 0.43 , 0.51 , 54.29 ,47.5,Tuesday, 2 
55,35,20,1000,78.6%,42, 7.78 , 0.19 , 0.76 , 74.29 ,45,Wednesday, 3 
65,45,20,1000,78.6%,14, 3.00 , 0.21 , 0.68 , 92.50 ,42.5,Thursday, 4 
70,50,20,1000,78.6%,14, 3.19 , 0.23 , 0.76 , 84.64 ,37.5,Thursday, 4 
55,30,25,1000,78.6%,14, 4.51 , 0.32 , 0.59 , 81.07 ,65,Tuesday, 2 
70,40,30,1000,78.6%,28, 8.68 , 0.31 , 0.81 , 78.93 ,37.5,Wednesday, 3 
85,45,40,1000,78.6%,14, 0.52 , 0.04 , 0.87 , 121.43 ,87.5,Wednesday, 3 
85,40,45,1000,78.6%,14, 0.77 , 0.06 , 0.88 , 124.64 ,92.5,Wednesday, 3 
85,35,50,1000,78.6%,14, 1.74 , 0.12 , 0.93 , 126.43 ,92.5,Wednesday, 3 
85,30,55,1000,78.6%,14, 2.05 , 0.15 , 0.94 , 129.29 ,95,Wednesday, 3 
85,25,60,1000,78.6%,14, 2.16 , 0.15 , 0.95 , 129.64 ,95,Wednesday, 3 
85,20,65,1000,78.6%,14, 2.95 , 0.21 , 1.00 , 131.43 ,95,Wednesday, 3 
85,15,70,1000,78.6%,14, 3.88 , 0.28 , 1.06 , 132.50 ,95,Wednesday, 3 
50,35,15,1000,78.4%,51, 7.86 , 0.15 , 0.70 , 67.65 ,35,Wednesday, 3 
30,10,20,1000,78.1%,32, 14.63 , 0.46 , 1.20 , 103.91 ,70,Tuesday, 2 
60,25,35,1000,78.1%,32, 8.15 , 0.25 , 0.88 , 103.28 ,67.5,Wednesday, 3 
90,80,10,1000,77.8%,18, 1.05 , 0.06 , 0.32 , 32.50 ,15,Monday, 1 
75,60,15,1000,77.8%,27, 3.67 , 0.14 , 0.63 , 50.56 ,35,Monday, 1 
55,40,15,1000,77.8%,18, 4.96 , 0.28 , 0.49 , 53.61 ,42.5,Tuesday, 2 
70,35,35,1000,77.8%,9, 5.41 , 0.60 , 0.48 , 70.56 ,55,Tuesday, 2 
80,45,35,1000,77.8%,18, 3.19 , 0.18 , 0.86 , 103.33 ,62.5,Wednesday, 3 
65,25,40,1000,77.8%,9, 5.47 , 0.61 , 0.54 , 96.67 ,70,Tuesday, 2 
70,30,40,1000,77.8%,9, 5.64 , 0.63 , 0.50 , 73.33 ,55,Tuesday, 2 
80,40,40,1000,77.8%,18, 3.82 , 0.21 , 0.89 , 106.11 ,65,Wednesday, 3 
70,50,20,1000,77.4%,31, 6.90 , 0.22 , 0.72 , 66.77 ,30,Wednesday, 3 
30,5,25,1000,77.4%,31, 14.77 , 0.48 , 1.22 , 110.00 ,80,Tuesday, 2 
75,25,50,1000,77.3%,22, 8.14 , 0.37 , 0.96 , 107.50 ,90,Wednesday, 3 
75,20,55,1000,77.3%,22, 8.54 , 0.39 , 0.98 , 108.86 ,90,Wednesday, 3 
75,15,60,1000,77.3%,22, 10.74 , 0.49 , 1.07 , 110.23 ,95,Wednesday, 3 
70,60,10,1000,77.1%,35, 5.45 , 0.16 , 0.65 , 54.71 ,20,Wednesday, 3 
55,20,35,1000,77.1%,35, 8.97 , 0.26 , 0.92 , 101.43 ,80,Wednesday, 3 
60,40,20,1000,76.9%,39, 7.94 , 0.20 , 0.72 , 69.49 ,35,Wednesday, 3 
35,10,25,1000,76.9%,26, 11.71 , 0.45 , 1.32 , 113.65 ,90,Tuesday, 2 
70,45,25,1000,76.9%,13, 2.61 , 0.20 , 0.70 , 95.77 ,50,Thursday, 4 
35,5,30,1000,76.9%,26, 12.41 , 0.48 , 1.32 , 117.88 ,95,Tuesday, 2 
55,25,30,1000,76.9%,13, 4.24 , 0.33 , 0.61 , 90.38 ,60,Tuesday, 2 
35,0,35,1000,76.9%,26, 12.90 , 0.50 , 1.33 , 121.73 ,95,Tuesday, 2 
70,35,35,1000,76.9%,26, 8.64 , 0.33 , 0.85 , 87.88 ,47.5,Wednesday, 3 
90,45,45,1000,76.9%,13, 0.27 , 0.02 , 0.88 , 122.69 ,90,Wednesday, 3 
90,40,50,1000,76.9%,13, 0.53 , 0.04 , 0.90 , 126.15 ,90,Wednesday, 3 
55,0,55,1000,76.9%,13, 12.26 , 0.94 , 1.57 , 128.46 ,80,Tuesday, 2 
90,35,55,1000,76.9%,13, 1.32 , 0.10 , 0.95 , 126.92 ,90,Wednesday, 3 
90,30,60,1000,76.9%,13, 1.63 , 0.13 , 0.96 , 130.00 ,90,Wednesday, 3 
90,25,65,1000,76.9%,13, 1.74 , 0.13 , 0.96 , 130.38 ,90,Wednesday, 3 
90,20,70,1000,76.9%,13, 1.87 , 0.14 , 0.97 , 131.15 ,90,Wednesday, 3 
85,10,75,1000,76.9%,13, 2.52 , 0.19 , 1.04 , 151.15 ,115,Wednesday, 3 
90,15,75,1000,76.9%,13, 2.80 , 0.22 , 1.04 , 132.31 ,90,Wednesday, 3 
85,5,80,1000,76.9%,13, 2.69 , 0.21 , 1.05 , 151.92 ,115,Wednesday, 3 
90,10,80,1000,76.9%,13, 2.92 , 0.22 , 1.04 , 145.77 ,115,Wednesday, 3 
85,0,85,1000,76.9%,13, 2.69 , 0.21 , 1.05 , 151.92 ,115,Wednesday, 3 
90,5,85,1000,76.9%,13, 3.09 , 0.24 , 1.05 , 146.54 ,115,Wednesday, 3 
90,0,90,1000,76.9%,13, 3.09 , 0.24 , 1.05 , 146.54 ,115,Wednesday, 3 
40,30,10,1000,76.7%,30, 5.83 , 0.19 , 0.65 , 73.83 ,50,Thursday, 4 
65,55,10,1000,76.7%,30, (0.15), (0.01), 0.67 , 47.50 ,20,Friday, 5 
30,0,30,1000,76.7%,30, 15.35 , 0.51 , 1.25 , 117.00 ,87.5,Tuesday, 2 
90,65,25,1000,76.5%,17, 2.30 , 0.14 , 0.42 , 50.00 ,40,Monday, 1 
60,30,30,1000,76.5%,34, 8.30 , 0.24 , 0.83 , 95.00 ,52.5,Wednesday, 3 
60,30,30,1000,76.5%,17, 5.15 , 0.30 , 0.68 , 93.82 ,60,Thursday, 4 
80,35,45,1000,76.5%,17, 3.98 , 0.23 , 0.94 , 115.88 ,95,Wednesday, 3 
80,30,50,1000,76.5%,17, 4.29 , 0.25 , 0.95 , 118.24 ,95,Wednesday, 3 
80,60,20,1000,76.2%,21, 2.30 , 0.11 , 0.77 , 77.38 ,30,Wednesday, 3 
80,55,25,1000,76.2%,21, 2.38 , 0.11 , 0.77 , 77.86 ,35,Wednesday, 3 
55,30,25,1000,76.2%,21, 5.25 , 0.25 , 0.64 , 84.52 ,50,Thursday, 4 
70,10,60,1000,76.2%,21, 8.67 , 0.41 , 1.11 , 126.43 ,120,Wednesday, 3 
70,5,65,1000,76.2%,21, 8.84 , 0.42 , 1.11 , 126.90 ,120,Wednesday, 3 
70,0,70,1000,76.2%,21, 8.94 , 0.43 , 1.11 , 127.62 ,120,Wednesday, 3 
20,10,10,1000,76.1%,67, 14.37 , 0.21 , 0.64 , 65.67 ,40,Thursday, 4 
55,45,10,1000,76.0%,25, 4.37 , 0.17 , 0.55 , 60.40 ,20,Thursday, 4 
45,35,10,1000,75.9%,54, 3.18 , 0.06 , 0.73 , 63.43 ,22.5,Monday, 1 
75,60,15,1000,75.9%,29, 3.74 , 0.13 , 0.68 , 61.72 ,30,Wednesday, 3 
75,55,20,1000,75.9%,29, 4.66 , 0.16 , 0.69 , 62.93 ,30,Wednesday, 3 
45,35,10,1000,75.8%,62, 8.80 , 0.14 , 0.67 , 60.16 ,30,Wednesday, 3 
70,60,10,1000,75.8%,33, 1.69 , 0.05 , 0.59 , 48.03 ,25,Monday, 1 
30,20,10,1000,75.7%,37, 6.65 , 0.18 , 0.76 , 76.08 ,40,Tuesday, 2 
25,5,20,1000,75.7%,37, 15.42 , 0.42 , 1.15 , 97.84 ,60,Tuesday, 2 
85,75,10,1000,75.0%,24, 1.88 , 0.08 , 0.40 , 33.33 ,15,Monday, 1 
60,50,10,1000,75.0%,20, 4.01 , 0.20 , 0.68 , 66.50 ,25,Thursday, 4 
80,70,10,1000,75.0%,12, 2.22 , 0.18 , 0.39 , 61.67 ,37.5,Thursday, 4 
60,50,10,1000,75.0%,36, (0.89), (0.02), 0.72 , 45.69 ,20,Friday, 5 
80,65,15,1000,75.0%,24, 1.87 , 0.08 , 0.52 , 50.00 ,32.5,Monday, 1 
60,45,15,1000,75.0%,40, 6.05 , 0.15 , 0.67 , 66.13 ,35,Wednesday, 3 
40,25,15,1000,75.0%,28, 8.28 , 0.30 , 0.78 , 83.21 ,52.5,Thursday, 4 
85,65,20,1000,75.0%,20, 2.41 , 0.12 , 0.51 , 49.25 ,35,Monday, 1 
35,15,20,1000,75.0%,28, 12.77 , 0.46 , 1.25 , 91.61 ,75,Tuesday, 2 
85,65,20,1000,75.0%,16, (0.37), (0.02), 0.78 , 87.81 ,50,Wednesday, 3 
25,0,25,1000,75.0%,36, 16.05 , 0.45 , 1.19 , 104.72 ,67.5,Tuesday, 2 
85,60,25,1000,75.0%,16, 0.00 , 0.00 , 0.79 , 90.31 ,55,Wednesday, 3 
65,40,25,1000,75.0%,12, 2.24 , 0.19 , 0.74 , 114.58 ,67.5,Thursday, 4 
90,60,30,1000,75.0%,16, 2.32 , 0.14 , 0.45 , 55.63 ,45,Monday, 1 
75,45,30,1000,75.0%,24, 5.27 , 0.22 , 0.79 , 84.58 ,45,Wednesday, 3 
85,55,30,1000,75.0%,16, 0.08 , 0.01 , 0.79 , 90.94 ,55,Wednesday, 3 
65,35,30,1000,75.0%,12, 2.93 , 0.24 , 0.75 , 115.83 ,67.5,Thursday, 4 
90,55,35,1000,75.0%,16, 2.70 , 0.17 , 0.49 , 61.56 ,45,Monday, 1 
75,40,35,1000,75.0%,24, 7.30 , 0.30 , 0.87 , 87.08 ,45,Wednesday, 3 
65,30,35,1000,75.0%,12, 3.96 , 0.33 , 0.79 , 117.50 ,70,Thursday, 4 
80,45,35,1000,75.0%,8, 0.94 , 0.12 , 0.74 , 135.00 ,115,Thursday, 4 
70,30,40,1000,75.0%,24, 7.58 , 0.32 , 0.88 , 102.71 ,70,Wednesday, 3 
70,25,45,1000,75.0%,8, 4.74 , 0.59 , 0.53 , 95.00 ,77.5,Tuesday, 2 
60,10,50,1000,75.0%,28, 9.70 , 0.35 , 1.10 , 132.86 ,122.5,Wednesday, 3 
60,5,55,1000,75.0%,28, 9.50 , 0.34 , 1.09 , 137.14 ,125,Wednesday, 3 
65,10,55,1000,75.0%,24, 8.51 , 0.35 , 1.03 , 138.75 ,122.5,Wednesday, 3 
60,0,60,1000,75.0%,28, 10.24 , 0.37 , 1.12 , 138.75 ,125,Wednesday, 3 
65,5,60,1000,75.0%,24, 8.35 , 0.35 , 1.02 , 139.79 ,122.5,Wednesday, 3 
65,0,65,1000,75.0%,24, 8.74 , 0.36 , 1.03 , 140.83 ,122.5,Wednesday, 3 
15,5,10,1000,74.6%,71, 22.28 , 0.31 , 0.83 , 73.66 ,45,Thursday, 4 
55,45,10,1000,74.5%,47, 5.31 , 0.11 , 0.67 , 60.96 ,30,Wednesday, 3 
55,45,10,1000,74.4%,43, 0.65 , 0.02 , 0.65 , 60.70 ,30,Monday, 1 
55,35,20,1000,74.3%,35, 1.44 , 0.04 , 0.80 , 86.14 ,40,Monday, 1 
55,25,30,1000,74.3%,35, 7.34 , 0.21 , 0.90 , 99.14 ,65,Wednesday, 3 
35,25,10,1000,74.2%,31, 3.35 , 0.11 , 0.66 , 74.35 ,35,Tuesday, 2 
35,20,15,1000,74.2%,31, 7.56 , 0.24 , 0.74 , 83.55 ,55,Thursday, 4 
65,50,15,1000,74.1%,27, (0.64), (0.02), 0.70 , 55.00 ,30,Friday, 5 
80,60,20,1000,73.9%,23, 2.93 , 0.13 , 0.64 , 55.65 ,45,Monday, 1 
75,35,40,1000,73.9%,23, 7.76 , 0.34 , 0.91 , 93.48 ,50,Wednesday, 3 
50,30,20,1000,73.8%,42, 3.00 , 0.07 , 0.80 , 80.00 ,47.5,Monday, 1 
55,45,10,1000,73.7%,38, (1.63), (0.04), 0.71 , 48.03 ,20,Friday, 5 
60,45,15,1000,73.7%,19, 3.31 , 0.17 , 0.59 , 73.95 ,30,Thursday, 4 
85,60,25,1000,73.7%,19, 3.26 , 0.17 , 0.65 , 55.79 ,45,Monday, 1 
85,55,30,1000,73.7%,19, 3.64 , 0.19 , 0.67 , 60.79 ,45,Monday, 1 
80,50,30,1000,73.7%,19, 3.28 , 0.17 , 0.86 , 91.84 ,40,Wednesday, 3 
55,25,30,1000,73.7%,19, 6.78 , 0.36 , 0.77 , 96.32 ,75,Thursday, 4 
45,10,35,1000,73.7%,19, 10.83 , 0.57 , 1.45 , 128.95 ,75,Tuesday, 2 
55,20,35,1000,73.7%,19, 7.68 , 0.40 , 0.77 , 96.84 ,75,Thursday, 4 
45,5,40,1000,73.7%,19, 11.19 , 0.59 , 1.44 , 129.74 ,75,Tuesday, 2 
45,0,45,1000,73.7%,19, 11.31 , 0.60 , 1.44 , 132.11 ,80,Tuesday, 2 
75,10,65,1000,73.7%,19, 7.84 , 0.41 , 1.18 , 133.42 ,120,Wednesday, 3 
75,5,70,1000,73.7%,19, 8.01 , 0.42 , 1.18 , 133.95 ,120,Wednesday, 3 
75,0,75,1000,73.7%,19, 8.12 , 0.43 , 1.18 , 134.74 ,120,Wednesday, 3 
40,30,10,1000,73.4%,64, 6.71 , 0.10 , 0.73 , 61.41 ,25,Monday, 1 
50,40,10,1000,73.3%,60, 9.35 , 0.16 , 0.64 , 54.33 ,27.5,Wednesday, 3 
75,65,10,1000,73.3%,15, 1.05 , 0.07 , 0.47 , 61.00 ,40,Thursday, 4 
55,40,15,1000,73.3%,45, 7.48 , 0.17 , 0.73 , 65.78 ,35,Wednesday, 3 
60,25,35,1000,73.3%,15, 5.59 , 0.37 , 0.77 , 109.67 ,75,Thursday, 4 
60,20,40,1000,73.3%,15, 6.49 , 0.43 , 0.78 , 110.33 ,80,Thursday, 4 
55,10,45,1000,73.3%,30, 9.14 , 0.30 , 1.12 , 131.00 ,115,Wednesday, 3 
60,15,45,1000,73.3%,15, 6.85 , 0.46 , 0.82 , 116.00 ,95,Thursday, 4 
55,5,50,1000,73.3%,30, 8.94 , 0.30 , 1.11 , 135.00 ,122.5,Wednesday, 3 
60,10,50,1000,73.3%,15, 7.82 , 0.52 , 0.93 , 117.67 ,100,Thursday, 4 
55,0,55,1000,73.3%,30, 9.68 , 0.32 , 1.14 , 136.50 ,122.5,Wednesday, 3 
60,5,55,1000,73.3%,15, 8.40 , 0.56 , 0.94 , 119.67 ,100,Thursday, 4 
50,20,30,1000,73.2%,41, 10.23 , 0.25 , 0.88 , 94.02 ,45,Wednesday, 3 
50,15,35,1000,73.2%,41, 13.49 , 0.33 , 0.91 , 99.51 ,45,Wednesday, 3 
35,25,10,1000,73.1%,78, 12.10 , 0.16 , 0.82 , 58.21 ,25,Monday, 1 
80,70,10,1000,73.1%,26, 1.28 , 0.05 , 0.47 , 42.31 ,22.5,Monday, 1 
75,50,25,1000,73.1%,26, 5.36 , 0.21 , 0.77 , 73.85 ,35,Wednesday, 3 
55,30,25,1000,73.0%,37, 7.25 , 0.20 , 0.86 , 91.62 ,40,Wednesday, 3 
70,60,10,1000,72.7%,11, 2.65 , 0.24 , 0.33 , 23.64 ,25,Tuesday, 2 
75,65,10,1000,72.7%,22, (2.47), (0.11), 0.78 , 51.82 ,17.5,Friday, 5 
85,70,15,1000,72.7%,22, 2.28 , 0.10 , 0.46 , 40.45 ,17.5,Monday, 1 
75,60,15,1000,72.7%,11, 0.33 , 0.03 , 0.74 , 90.91 ,80,Thursday, 4 
80,65,15,1000,72.7%,11, 2.28 , 0.21 , 0.49 , 70.45 ,60,Thursday, 4 
50,30,20,1000,72.7%,22, 4.90 , 0.22 , 0.64 , 87.27 ,60,Thursday, 4 
75,55,20,1000,72.7%,11, 1.23 , 0.11 , 0.81 , 92.27 ,80,Thursday, 4 
80,55,25,1000,72.7%,22, 3.07 , 0.14 , 0.68 , 62.95 ,47.5,Monday, 1 
70,40,30,1000,72.7%,11, 1.86 , 0.17 , 0.76 , 118.18 ,85,Thursday, 4 
70,35,35,1000,72.7%,11, 2.55 , 0.23 , 0.77 , 119.55 ,85,Thursday, 4 
60,20,40,1000,72.7%,11, 7.42 , 0.67 , 0.64 , 98.64 ,60,Tuesday, 2 
70,30,40,1000,72.7%,11, 3.27 , 0.30 , 0.81 , 120.91 ,85,Thursday, 4 
60,15,45,1000,72.7%,11, 13.98 , 1.27 , 1.68 , 101.36 ,60,Tuesday, 2 
75,30,45,1000,72.7%,22, 7.27 , 0.33 , 0.92 , 106.59 ,90,Wednesday, 3 
60,10,50,1000,72.7%,11, 13.76 , 1.25 , 1.68 , 124.09 ,80,Tuesday, 2 
60,5,55,1000,72.7%,11, 14.09 , 1.28 , 1.67 , 124.55 ,80,Tuesday, 2 
60,0,60,1000,72.7%,11, 14.18 , 1.29 , 1.67 , 125.00 ,80,Tuesday, 2 
30,20,10,1000,72.5%,80, 9.85 , 0.12 , 0.89 , 64.31 ,30,Monday, 1 
35,20,15,1000,72.5%,69, 13.12 , 0.19 , 0.88 , 69.20 ,35,Monday, 1 
35,20,15,1000,72.4%,29, 5.53 , 0.19 , 0.81 , 84.66 ,45,Tuesday, 2 
65,55,10,1000,72.2%,36, 0.11 , 0.00 , 0.60 , 52.64 ,25,Monday, 1 
90,75,15,1000,72.2%,18, 1.04 , 0.06 , 0.33 , 36.11 ,17.5,Monday, 1 
50,10,40,1000,72.2%,18, 12.71 , 0.71 , 1.50 , 119.44 ,70,Tuesday, 2 
55,15,40,1000,72.2%,18, 7.70 , 0.43 , 0.83 , 106.11 ,82.5,Thursday, 4 
50,5,45,1000,72.2%,18, 13.06 , 0.73 , 1.50 , 120.28 ,70,Tuesday, 2 
55,10,45,1000,72.2%,18, 8.67 , 0.48 , 0.92 , 107.50 ,82.5,Thursday, 4 
50,0,50,1000,72.2%,18, 13.18 , 0.73 , 1.50 , 122.78 ,75,Tuesday, 2 
55,5,50,1000,72.2%,18, 9.25 , 0.51 , 0.94 , 109.17 ,92.5,Thursday, 4 
50,40,10,1000,72.0%,25, 4.30 , 0.17 , 0.59 , 71.20 ,35,Thursday, 4 
45,30,15,1000,72.0%,25, 5.21 , 0.21 , 0.65 , 80.80 ,50,Thursday, 4 
75,55,20,1000,72.0%,25, 3.02 , 0.12 , 0.68 , 60.60 ,45,Monday, 1 
65,45,20,1000,72.0%,25, (0.89), (0.04), 0.73 , 61.40 ,25,Friday, 5 
65,40,25,1000,72.0%,25, 0.98 , 0.04 , 0.77 , 64.80 ,30,Friday, 5 
55,40,15,1000,71.8%,39, 1.25 , 0.03 , 0.72 , 71.15 ,35,Monday, 1 
45,30,15,1000,71.7%,53, 6.58 , 0.12 , 0.76 , 75.19 ,35,Wednesday, 3 
40,25,15,1000,71.7%,60, 7.38 , 0.12 , 0.77 , 67.67 ,30,Monday, 1 
40,30,10,1000,71.4%,28, 3.90 , 0.14 , 0.60 , 65.89 ,45,Tuesday, 2 
10,0,10,1000,71.4%,70, 30.53 , 0.44 , 1.17 , 84.64 ,45,Thursday, 4 
70,55,15,1000,71.4%,28, 0.64 , 0.02 , 0.64 , 61.25 ,47.5,Monday, 1 
55,40,15,1000,71.4%,21, 3.80 , 0.18 , 0.62 , 76.90 ,40,Thursday, 4 
95,80,15,1000,71.4%,7, 1.00 , 0.14 , 0.30 , 67.14 ,35,Thursday, 4 
55,35,20,1000,71.4%,21, 4.23 , 0.20 , 0.62 , 82.86 ,50,Thursday, 4 
95,75,20,1000,71.4%,14, (1.85), (0.13), 0.75 , 59.64 ,35,Friday, 5 
90,65,25,1000,71.4%,14, (0.91), (0.07), 0.81 , 97.50 ,60,Wednesday, 3 
90,60,30,1000,71.4%,14, (0.54), (0.04), 0.83 , 100.36 ,67.5,Wednesday, 3 
85,50,35,1000,71.4%,14, (0.23), (0.02), 0.87 , 111.07 ,82.5,Wednesday, 3 
90,55,35,1000,71.4%,14, (0.50), (0.04), 0.83 , 100.71 ,67.5,Wednesday, 3 
90,50,40,1000,71.4%,14, 1.85 , 0.13 , 0.50 , 73.57 ,42.5,Monday, 1 
80,40,40,1000,71.4%,7, 0.68 , 0.10 , 0.80 , 157.14 ,140,Thursday, 4 
85,45,40,1000,71.4%,7, 0.31 , 0.04 , 0.78 , 148.57 ,125,Thursday, 4 
90,50,40,1000,71.4%,7, 0.95 , 0.14 , 0.87 , 134.29 ,85,Thursday, 4 
65,25,40,1000,71.4%,21, (0.21), (0.01), 0.81 , 81.19 ,30,Friday, 5 
90,45,45,1000,71.4%,14, 2.08 , 0.15 , 0.53 , 73.93 ,42.5,Monday, 1 
80,35,45,1000,71.4%,7, 0.68 , 0.10 , 0.80 , 157.14 ,140,Thursday, 4 
85,40,45,1000,71.4%,7, 0.60 , 0.09 , 0.80 , 155.00 ,125,Thursday, 4 
65,20,45,1000,71.4%,21, 0.43 , 0.02 , 0.84 , 82.62 ,35,Friday, 5 
80,30,50,1000,71.4%,7, 1.40 , 0.20 , 0.87 , 159.29 ,140,Thursday, 4 
85,35,50,1000,71.4%,7, 0.60 , 0.09 , 0.80 , 155.00 ,125,Thursday, 4 
80,25,55,1000,71.4%,7, 2.09 , 0.30 , 0.97 , 160.00 ,140,Thursday, 4 
85,30,55,1000,71.4%,7, 1.32 , 0.19 , 0.87 , 157.14 ,125,Thursday, 4 
80,20,60,1000,71.4%,7, 2.09 , 0.30 , 0.97 , 160.00 ,140,Thursday, 4 
85,25,60,1000,71.4%,7, 2.01 , 0.29 , 0.97 , 157.86 ,125,Thursday, 4 
80,15,65,1000,71.4%,7, 2.28 , 0.33 , 1.00 , 162.14 ,140,Thursday, 4 
85,20,65,1000,71.4%,7, 2.01 , 0.29 , 0.97 , 157.86 ,125,Thursday, 4 
80,10,70,1000,71.4%,7, 2.52 , 0.36 , 1.04 , 162.86 ,140,Thursday, 4 
85,15,70,1000,71.4%,7, 2.20 , 0.31 , 1.00 , 160.00 ,125,Thursday, 4 
80,5,75,1000,71.4%,7, 2.87 , 0.41 , 1.06 , 163.57 ,140,Thursday, 4 
85,10,75,1000,71.4%,7, 2.44 , 0.35 , 1.05 , 160.71 ,125,Thursday, 4 
85,5,80,1000,71.4%,7, 2.79 , 0.40 , 1.06 , 161.43 ,125,Thursday, 4 
20,5,15,1000,71.2%,59, 17.93 , 0.30 , 0.81 , 79.83 ,50,Thursday, 4 
60,50,10,1000,71.1%,38, (0.17), (0.00), 0.66 , 58.95 ,22.5,Monday, 1 
60,45,15,1000,71.0%,31, (2.04), (0.07), 0.77 , 55.48 ,25,Friday, 5 
30,15,15,1000,70.8%,72, 7.63 , 0.11 , 0.92 , 75.83 ,40,Monday, 1 
50,40,10,1000,70.7%,41, (0.13), (0.00), 0.72 , 50.85 ,25,Friday, 5 
50,25,25,1000,70.7%,41, 7.81 , 0.19 , 0.84 , 91.46 ,45,Wednesday, 3 
90,70,20,1000,70.6%,17, 1.69 , 0.10 , 0.40 , 44.71 ,30,Monday, 1 
60,40,20,1000,70.6%,17, 3.41 , 0.20 , 0.65 , 86.76 ,45,Thursday, 4 
60,35,25,1000,70.6%,17, 4.12 , 0.24 , 0.65 , 91.76 ,50,Thursday, 4 
50,30,20,1000,70.5%,44, 6.75 , 0.15 , 0.80 , 83.52 ,35,Wednesday, 3 
80,70,10,1000,70.4%,27, 1.38 , 0.05 , 0.56 , 53.70 ,25,Wednesday, 3 
40,20,20,1000,70.4%,27, 8.89 , 0.33 , 0.81 , 88.89 ,75,Thursday, 4 
40,15,25,1000,70.4%,54, 10.91 , 0.20 , 0.89 , 81.85 ,35,Monday, 1 
85,75,10,1000,70.0%,20, 0.31 , 0.02 , 0.60 , 65.50 ,42.5,Wednesday, 3 
25,15,10,1000,70.0%,50, 9.64 , 0.19 , 0.74 , 70.40 ,32.5,Thursday, 4 
80,70,10,1000,70.0%,20, (3.11), (0.16), 0.76 , 52.00 ,17.5,Friday, 5 
85,70,15,1000,70.0%,10, 1.96 , 0.20 , 0.42 , 65.00 ,32.5,Thursday, 4 
45,25,20,1000,70.0%,20, 2.43 , 0.12 , 0.66 , 88.25 ,67.5,Tuesday, 2 
35,15,20,1000,70.0%,30, 8.20 , 0.27 , 0.79 , 89.67 ,70,Thursday, 4 
80,60,20,1000,70.0%,10, 1.60 , 0.16 , 0.72 , 85.50 ,82.5,Thursday, 4 
50,25,25,1000,70.0%,40, 2.60 , 0.07 , 0.83 , 86.75 ,50,Monday, 1 
45,20,25,1000,70.0%,20, 4.35 , 0.22 , 0.79 , 96.75 ,70,Tuesday, 2 
35,10,25,1000,70.0%,30, 11.26 , 0.38 , 0.88 , 91.83 ,72.5,Thursday, 4 
50,25,25,1000,70.0%,20, 6.53 , 0.33 , 0.77 , 99.25 ,77.5,Thursday, 4 
75,50,25,1000,70.0%,10, 1.09 , 0.11 , 0.88 , 104.50 ,70,Thursday, 4 
80,55,25,1000,70.0%,10, 2.49 , 0.25 , 0.79 , 87.00 ,82.5,Thursday, 4 
40,10,30,1000,70.0%,20, 9.89 , 0.49 , 1.49 , 130.50 ,85,Tuesday, 2 
45,15,30,1000,70.0%,20, 11.78 , 0.59 , 1.40 , 99.50 ,70,Tuesday, 2 
40,5,35,1000,70.0%,20, 10.53 , 0.53 , 1.50 , 135.75 ,92.5,Tuesday, 2 
40,0,40,1000,70.0%,20, 10.65 , 0.53 , 1.49 , 138.00 ,92.5,Tuesday, 2 
65,25,40,1000,70.0%,10, 3.74 , 0.37 , 0.88 , 145.00 ,115,Thursday, 4 
65,20,45,1000,70.0%,10, 4.64 , 0.46 , 0.94 , 146.00 ,115,Thursday, 4 
95,45,50,1000,70.0%,10, 0.78 , 0.08 , 0.90 , 139.00 ,172.5,Wednesday, 3 
65,15,50,1000,70.0%,10, 5.02 , 0.50 , 0.96 , 148.00 ,117.5,Thursday, 4 
95,40,55,1000,70.0%,10, 1.04 , 0.10 , 0.91 , 143.50 ,172.5,Wednesday, 3 
65,10,55,1000,70.0%,10, 5.26 , 0.53 , 0.99 , 148.50 ,120,Thursday, 4 
95,35,60,1000,70.0%,10, 1.52 , 0.15 , 0.97 , 144.00 ,172.5,Wednesday, 3 
65,5,60,1000,70.0%,10, 5.72 , 0.57 , 1.00 , 149.50 ,120,Thursday, 4 
95,30,65,1000,70.0%,10, 1.73 , 0.17 , 0.98 , 147.50 ,172.5,Wednesday, 3 
95,25,70,1000,70.0%,10, 1.84 , 0.18 , 0.98 , 148.00 ,172.5,Wednesday, 3 
95,20,75,1000,70.0%,10, 1.97 , 0.20 , 0.99 , 149.00 ,172.5,Wednesday, 3 
95,15,80,1000,70.0%,10, 2.49 , 0.25 , 1.07 , 149.50 ,172.5,Wednesday, 3 
95,10,85,1000,70.0%,10, 2.53 , 0.25 , 1.07 , 157.00 ,172.5,Wednesday, 3 
95,5,90,1000,70.0%,10, 2.70 , 0.27 , 1.08 , 158.00 ,172.5,Wednesday, 3 
95,0,95,1000,70.0%,10, 2.70 , 0.27 , 1.08 , 158.00 ,172.5,Wednesday, 3 
35,15,20,1000,69.8%,63, 12.10 , 0.19 , 0.92 , 79.68 ,40,Monday, 1 
30,15,15,1000,69.8%,43, 11.43 , 0.27 , 0.72 , 73.26 ,45,Thursday, 4 
55,30,25,1000,69.7%,33, 0.83 , 0.03 , 0.83 , 93.94 ,55,Monday, 1 
40,20,20,1000,69.6%,56, 8.78 , 0.16 , 0.84 , 76.07 ,35,Monday, 1 
30,20,10,1000,69.6%,46, 10.01 , 0.22 , 0.67 , 65.22 ,40,Thursday, 4 
45,25,20,1000,69.6%,23, 6.94 , 0.30 , 0.78 , 92.39 ,75,Thursday, 4 
65,35,30,1000,69.6%,23, (0.45), (0.02), 0.76 , 72.17 ,30,Friday, 5 
35,25,10,1000,69.4%,72, 8.79 , 0.12 , 0.75 , 65.14 ,30,Wednesday, 3 
40,15,25,1000,69.2%,26, 9.31 , 0.36 , 0.86 , 95.77 ,77.5,Thursday, 4 
40,10,30,1000,69.2%,26, 11.73 , 0.45 , 0.97 , 97.88 ,77.5,Thursday, 4 
55,20,35,1000,69.2%,13, 5.00 , 0.38 , 0.70 , 102.31 ,65,Tuesday, 2 
55,15,40,1000,69.2%,13, 11.65 , 0.90 , 1.59 , 105.38 ,65,Tuesday, 2 
90,50,40,1000,69.2%,13, (0.47), (0.04), 0.88 , 111.54 ,90,Wednesday, 3 
55,10,45,1000,69.2%,13, 11.65 , 0.90 , 1.59 , 125.38 ,80,Tuesday, 2 
55,5,50,1000,69.2%,13, 12.08 , 0.93 , 1.58 , 126.15 ,80,Tuesday, 2 
30,10,20,1000,69.0%,42, 13.85 , 0.33 , 0.78 , 78.81 ,52.5,Thursday, 4 
15,0,15,1000,69.0%,58, 19.85 , 0.34 , 1.02 , 95.09 ,70,Thursday, 4 
35,5,30,1000,69.0%,29, 11.24 , 0.39 , 0.94 , 103.10 ,85,Thursday, 4 
95,85,10,1000,68.8%,16, (1.73), (0.11), 0.71 , 45.31 ,25,Friday, 5 
45,30,15,1000,68.8%,48, 1.78 , 0.04 , 0.77 , 74.69 ,37.5,Monday, 1 
25,10,15,1000,68.8%,48, 11.29 , 0.24 , 0.77 , 77.50 ,50,Thursday, 4 
30,10,20,1000,68.8%,64, 5.77 , 0.09 , 1.11 , 89.77 ,42.5,Monday, 1 
40,10,30,1000,68.8%,48, 7.25 , 0.15 , 1.00 , 98.44 ,45,Monday, 1 
85,50,35,1000,68.8%,16, 2.49 , 0.16 , 0.74 , 76.25 ,62.5,Monday, 1 
85,45,40,1000,68.8%,16, 2.72 , 0.17 , 0.76 , 76.56 ,62.5,Monday, 1 
80,40,40,1000,68.8%,16, (2.51), (0.16), 0.78 , 82.81 ,47.5,Friday, 5 
70,25,45,1000,68.8%,16, (2.64), (0.17), 0.84 , 95.94 ,47.5,Friday, 5 
80,35,45,1000,68.8%,16, (2.20), (0.14), 0.78 , 86.56 ,57.5,Friday, 5 
70,20,50,1000,68.8%,16, (2.12), (0.13), 0.87 , 96.88 ,47.5,Friday, 5 
75,25,50,1000,68.8%,16, (2.12), (0.13), 0.85 , 94.69 ,45,Friday, 5 
80,30,50,1000,68.8%,16, (2.81), (0.18), 0.75 , 87.50 ,57.5,Friday, 5 
70,15,55,1000,68.8%,16, (2.12), (0.13), 0.87 , 96.88 ,47.5,Friday, 5 
75,20,55,1000,68.8%,16, (1.60), (0.10), 0.88 , 95.63 ,45,Friday, 5 
70,10,60,1000,68.8%,16, (2.45), (0.15), 0.93 , 102.50 ,47.5,Friday, 5 
75,15,60,1000,68.8%,16, (1.60), (0.10), 0.88 , 95.63 ,45,Friday, 5 
70,5,65,1000,68.8%,16, (2.46), (0.15), 0.93 , 113.13 ,47.5,Friday, 5 
75,10,65,1000,68.8%,16, (1.93), (0.12), 0.94 , 101.25 ,45,Friday, 5 
75,5,70,1000,68.8%,16, (1.94), (0.12), 0.94 , 111.88 ,45,Friday, 5 
60,45,15,1000,68.6%,35, 1.02 , 0.03 , 0.73 , 67.14 ,30,Monday, 1 
50,0,50,1000,68.6%,35, 10.55 , 0.30 , 1.05 , 129.86 ,125,Wednesday, 3 
10,0,10,1000,68.5%,73, 1.80 , 0.02 , 1.01 , 72.95 ,30,Friday, 5 
30,20,10,1000,68.4%,76, 7.24 , 0.10 , 0.77 , 70.59 ,40,Wednesday, 3 
85,70,15,1000,68.4%,19, 0.21 , 0.01 , 0.62 , 69.74 ,40,Wednesday, 3 
80,65,15,1000,68.4%,19, (2.70), (0.14), 0.79 , 56.58 ,20,Friday, 5 
80,50,30,1000,68.4%,19, 2.36 , 0.12 , 0.72 , 76.84 ,60,Monday, 1 
80,45,35,1000,68.4%,19, 2.80 , 0.15 , 0.74 , 77.37 ,60,Monday, 1 
45,0,45,1000,68.3%,41, 11.00 , 0.27 , 1.01 , 120.24 ,100,Wednesday, 3 
25,15,10,1000,68.3%,63, 0.44 , 0.01 , 0.84 , 62.86 ,30,Friday, 5 
70,60,10,1000,68.2%,22, (3.35), (0.15), 0.76 , 55.91 ,22.5,Friday, 5 
50,35,15,1000,68.2%,22, 3.79 , 0.17 , 0.62 , 85.45 ,52.5,Thursday, 4 
75,50,25,1000,68.2%,22, 2.51 , 0.11 , 0.72 , 75.00 ,55,Monday, 1 
75,45,30,1000,68.2%,22, 3.29 , 0.15 , 0.74 , 75.68 ,55,Monday, 1 
65,30,35,1000,68.2%,22, (1.06), (0.05), 0.77 , 76.14 ,42.5,Friday, 5 
45,15,30,1000,68.1%,47, 13.16 , 0.28 , 0.89 , 95.21 ,45,Wednesday, 3 
45,35,10,1000,68.0%,25, 3.83 , 0.15 , 0.63 , 78.40 ,50,Thursday, 4 
45,25,20,1000,68.0%,50, 8.01 , 0.16 , 0.80 , 81.60 ,40,Wednesday, 3 
40,5,35,1000,68.0%,25, 11.37 , 0.45 , 1.02 , 110.20 ,85,Thursday, 4 
60,35,25,1000,67.9%,28, 1.25 , 0.04 , 0.90 , 98.04 ,47.5,Monday, 1 
35,0,35,1000,67.9%,28, 11.32 , 0.40 , 1.02 , 114.64 ,85,Thursday, 4 
30,20,10,1000,67.7%,62, 3.81 , 0.06 , 0.84 , 57.50 ,25,Friday, 5 
65,50,15,1000,67.7%,31, 0.17 , 0.01 , 0.67 , 65.48 ,25,Monday, 1 
60,40,20,1000,67.7%,31, 0.01 , 0.00 , 0.79 , 58.87 ,30,Friday, 5 
45,10,35,1000,67.6%,37, 2.34 , 0.06 , 0.97 , 116.62 ,65,Monday, 1 
30,5,25,1000,67.5%,40, 16.97 , 0.42 , 0.98 , 91.13 ,67.5,Thursday, 4 
45,20,25,1000,67.4%,43, 2.93 , 0.07 , 0.87 , 89.42 ,55,Monday, 1 
45,25,20,1000,67.4%,46, 1.61 , 0.03 , 0.79 , 80.43 ,47.5,Monday, 1 
40,5,35,1000,67.4%,46, 6.09 , 0.13 , 1.06 , 106.30 ,47.5,Monday, 1 
30,15,15,1000,67.3%,55, 3.02 , 0.05 , 0.91 , 68.09 ,35,Friday, 5 
25,15,10,1000,67.1%,79, 0.79 , 0.01 , 0.90 , 73.73 ,35,Monday, 1 
25,15,10,1000,66.7%,84, 4.53 , 0.05 , 0.79 , 73.33 ,40,Wednesday, 3 
40,30,10,1000,66.7%,57, 3.79 , 0.07 , 0.75 , 74.12 ,35,Wednesday, 3 
90,80,10,1000,66.7%,21, 0.40 , 0.02 , 0.57 , 58.10 ,35,Wednesday, 3 
15,5,10,1000,66.7%,69, (2.39), (0.03), 0.97 , 69.93 ,30,Friday, 5 
35,25,10,1000,66.7%,54, 0.98 , 0.02 , 0.78 , 58.61 ,27.5,Friday, 5 
25,10,15,1000,66.7%,69, (0.58), (0.01), 1.09 , 88.55 ,40,Monday, 1 
95,80,15,1000,66.7%,12, 0.23 , 0.02 , 0.37 , 43.33 ,27.5,Monday, 1 
30,15,15,1000,66.7%,69, 7.38 , 0.11 , 0.80 , 82.17 ,45,Wednesday, 3 
90,75,15,1000,66.7%,18, 0.06 , 0.00 , 0.62 , 70.00 ,45,Wednesday, 3 
70,55,15,1000,66.7%,21, (2.67), (0.13), 0.74 , 61.67 ,30,Friday, 5 
65,45,20,1000,66.7%,30, 0.86 , 0.03 , 0.70 , 70.83 ,37.5,Monday, 1 
70,50,20,1000,66.7%,24, 0.16 , 0.01 , 0.72 , 77.92 ,57.5,Monday, 1 
40,20,20,1000,66.7%,21, 2.83 , 0.13 , 0.90 , 99.76 ,70,Tuesday, 2 
85,65,20,1000,66.7%,9, 1.80 , 0.20 , 0.52 , 76.11 ,65,Thursday, 4 
70,45,25,1000,66.7%,24, 0.92 , 0.04 , 0.75 , 79.58 ,60,Monday, 1 
40,15,25,1000,66.7%,21, 10.42 , 0.50 , 1.43 , 102.86 ,75,Tuesday, 2 
45,20,25,1000,66.7%,48, 9.34 , 0.19 , 0.85 , 88.75 ,45,Wednesday, 3 
85,60,25,1000,66.7%,9, 1.68 , 0.19 , 0.68 , 78.33 ,70,Thursday, 4 
80,55,25,1000,66.7%,18, (2.41), (0.13), 0.76 , 65.56 ,35,Friday, 5 
45,15,30,1000,66.7%,42, 4.69 , 0.11 , 0.92 , 96.19 ,60,Monday, 1 
95,65,30,1000,66.7%,12, 1.38 , 0.11 , 0.49 , 59.17 ,40,Monday, 1 
75,45,30,1000,66.7%,9, 0.45 , 0.05 , 0.74 , 122.22 ,100,Thursday, 4 
80,50,30,1000,66.7%,9, 2.12 , 0.24 , 0.90 , 113.33 ,85,Thursday, 4 
85,55,30,1000,66.7%,9, 2.57 , 0.29 , 0.75 , 80.00 ,70,Thursday, 4 
70,40,30,1000,66.7%,18, (2.33), (0.13), 0.80 , 79.44 ,40,Friday, 5 
80,50,30,1000,66.7%,18, (2.20), (0.12), 0.76 , 66.94 ,40,Friday, 5 
85,55,30,1000,66.7%,15, (1.40), (0.09), 0.85 , 72.67 ,40,Friday, 5 
50,15,35,1000,66.7%,36, 4.15 , 0.12 , 0.96 , 105.42 ,62.5,Monday, 1 
95,60,35,1000,66.7%,12, 1.75 , 0.15 , 0.51 , 62.08 ,42.5,Monday, 1 
60,25,35,1000,66.7%,24, (2.19), (0.09), 0.90 , 85.63 ,35,Friday, 5 
75,40,35,1000,66.7%,18, (1.81), (0.10), 0.81 , 78.33 ,37.5,Friday, 5 
85,50,35,1000,66.7%,15, (1.30), (0.09), 0.86 , 73.67 ,40,Friday, 5 
90,55,35,1000,66.7%,12, (2.59), (0.22), 0.87 , 84.58 ,70,Friday, 5 
45,5,40,1000,66.7%,36, 1.79 , 0.05 , 0.99 , 120.97 ,77.5,Monday, 1 
75,35,40,1000,66.7%,18, 3.06 , 0.17 , 0.93 , 108.61 ,97.5,Monday, 1 
95,55,40,1000,66.7%,12, 1.71 , 0.14 , 0.52 , 65.42 ,42.5,Monday, 1 
40,0,40,1000,66.7%,24, 11.31 , 0.47 , 1.11 , 122.71 ,95,Thursday, 4 
60,20,40,1000,66.7%,24, (1.56), (0.06), 0.92 , 86.88 ,37.5,Friday, 5 
90,50,40,1000,66.7%,12, (2.72), (0.23), 0.86 , 85.00 ,70,Friday, 5 
75,30,45,1000,66.7%,18, 2.88 , 0.16 , 0.92 , 111.11 ,97.5,Monday, 1 
65,20,45,1000,66.7%,9, 5.90 , 0.66 , 0.66 , 112.22 ,70,Tuesday, 2 
70,25,45,1000,66.7%,9, 3.07 , 0.34 , 0.92 , 153.33 ,115,Thursday, 4 
90,45,45,1000,66.7%,6, (0.56), (0.09), 0.59 , 166.67 ,147.5,Thursday, 4 
95,50,45,1000,66.7%,6, 1.20 , 0.20 , 0.92 , 155.00 ,120,Thursday, 4 
90,45,45,1000,66.7%,12, (2.38), (0.20), 0.88 , 97.92 ,75,Friday, 5 
75,25,50,1000,66.7%,18, 2.81 , 0.16 , 0.92 , 114.17 ,100,Monday, 1 
65,15,50,1000,66.7%,9, 8.87 , 0.99 , 1.17 , 115.00 ,80,Tuesday, 2 
70,20,50,1000,66.7%,9, 3.32 , 0.37 , 0.94 , 153.89 ,115,Thursday, 4 
90,40,50,1000,66.7%,6, (0.28), (0.05), 0.63 , 174.17 ,150,Thursday, 4 
95,45,50,1000,66.7%,6, (0.31), (0.05), 0.56 , 165.00 ,147.5,Thursday, 4 
65,15,50,1000,66.7%,21, (0.26), (0.01), 0.84 , 96.67 ,35,Friday, 5 
90,40,50,1000,66.7%,12, (2.29), (0.19), 0.85 , 98.75 ,77.5,Friday, 5 
75,20,55,1000,66.7%,18, 2.28 , 0.13 , 0.78 , 117.78 ,112.5,Monday, 1 
65,10,55,1000,66.7%,9, 8.87 , 0.99 , 1.18 , 141.67 ,105,Tuesday, 2 
55,0,55,1000,66.7%,18, 8.41 , 0.47 , 0.97 , 124.17 ,110,Thursday, 4 
70,15,55,1000,66.7%,9, 3.70 , 0.41 , 0.96 , 156.11 ,120,Thursday, 4 
90,35,55,1000,66.7%,6, (0.28), (0.05), 0.63 , 174.17 ,150,Thursday, 4 
95,40,55,1000,66.7%,6, (0.03), (0.00), 0.60 , 172.50 ,150,Thursday, 4 
80,25,55,1000,66.7%,15, (1.96), (0.13), 0.81 , 95.33 ,40,Friday, 5 
90,35,55,1000,66.7%,12, (1.98), (0.16), 0.86 , 103.75 ,92.5,Friday, 5 
75,15,60,1000,66.7%,18, 2.28 , 0.13 , 0.78 , 117.78 ,112.5,Monday, 1 
65,5,60,1000,66.7%,9, 9.20 , 1.02 , 1.17 , 142.22 ,105,Tuesday, 2 
60,0,60,1000,66.7%,15, 7.56 , 0.50 , 0.99 , 137.67 ,115,Thursday, 4 
70,10,60,1000,66.7%,9, 3.94 , 0.44 , 1.00 , 156.67 ,125,Thursday, 4 
90,30,60,1000,66.7%,6, 0.17 , 0.03 , 0.67 , 175.00 ,150,Thursday, 4 
95,35,60,1000,66.7%,6, (0.03), (0.00), 0.60 , 172.50 ,150,Thursday, 4 
80,20,60,1000,66.7%,15, (1.43), (0.10), 0.84 , 96.33 ,40,Friday, 5 
90,30,60,1000,66.7%,12, (2.65), (0.22), 0.82 , 104.58 ,92.5,Friday, 5 
75,10,65,1000,66.7%,18, 1.97 , 0.11 , 0.77 , 121.67 ,112.5,Monday, 1 
65,0,65,1000,66.7%,9, 9.29 , 1.03 , 1.17 , 142.78 ,105,Tuesday, 2 
70,5,65,1000,66.7%,9, 4.40 , 0.49 , 1.01 , 157.78 ,125,Thursday, 4 
90,25,65,1000,66.7%,6, 0.86 , 0.14 , 0.82 , 175.83 ,150,Thursday, 4 
95,30,65,1000,66.7%,6, 0.42 , 0.07 , 0.63 , 173.33 ,150,Thursday, 4 
80,15,65,1000,66.7%,15, (1.43), (0.10), 0.84 , 96.33 ,40,Friday, 5 
75,5,70,1000,66.7%,18, 2.20 , 0.12 , 0.80 , 122.50 ,112.5,Monday, 1 
90,20,70,1000,66.7%,6, 0.86 , 0.14 , 0.82 , 175.83 ,150,Thursday, 4 
95,25,70,1000,66.7%,6, 1.11 , 0.19 , 0.79 , 174.17 ,150,Thursday, 4 
70,0,70,1000,66.7%,15, (2.07), (0.14), 0.93 , 125.33 ,50,Friday, 5 
80,10,70,1000,66.7%,15, (1.77), (0.12), 0.91 , 102.33 ,40,Friday, 5 
75,0,75,1000,66.7%,18, 2.20 , 0.12 , 0.80 , 122.50 ,112.5,Monday, 1 
90,15,75,1000,66.7%,6, 0.94 , 0.16 , 0.83 , 177.50 ,155,Thursday, 4 
95,20,75,1000,66.7%,6, 1.11 , 0.19 , 0.79 , 174.17 ,150,Thursday, 4 
75,0,75,1000,66.7%,15, (1.55), (0.10), 0.94 , 124.00 ,50,Friday, 5 
80,5,75,1000,66.7%,15, (1.78), (0.12), 0.91 , 113.67 ,40,Friday, 5 
90,10,80,1000,66.7%,6, 0.94 , 0.16 , 0.83 , 177.50 ,155,Thursday, 4 
95,15,80,1000,66.7%,6, 1.19 , 0.20 , 0.80 , 175.83 ,155,Thursday, 4 
90,5,85,1000,66.7%,6, 1.29 , 0.21 , 0.87 , 178.33 ,155,Thursday, 4 
95,10,85,1000,66.7%,6, 1.19 , 0.20 , 0.80 , 175.83 ,155,Thursday, 4 
95,5,90,1000,66.7%,6, 1.54 , 0.26 , 0.83 , 176.67 ,155,Thursday, 4 
20,10,10,1000,66.2%,65, 0.07 , 0.00 , 0.89 , 66.77 ,30,Friday, 5 
45,10,35,1000,65.9%,41, 9.90 , 0.24 , 1.00 , 114.88 ,65,Wednesday, 3 
45,5,40,1000,65.9%,41, 9.99 , 0.24 , 1.00 , 118.78 ,90,Wednesday, 3 
55,40,15,1000,65.7%,35, (0.85), (0.02), 0.77 , 55.57 ,25,Friday, 5 
50,10,40,1000,65.7%,35, 9.87 , 0.28 , 1.04 , 123.86 ,100,Wednesday, 3 
45,0,45,1000,65.7%,35, 1.86 , 0.05 , 1.02 , 126.43 ,90,Monday, 1 
50,5,45,1000,65.7%,35, 9.64 , 0.28 , 1.03 , 128.29 ,120,Wednesday, 3 
30,5,25,1000,65.6%,61, 6.46 , 0.11 , 1.18 , 97.87 ,45,Monday, 1 
30,0,30,1000,65.5%,58, 5.85 , 0.10 , 1.27 , 104.91 ,60,Monday, 1 
65,35,30,1000,65.4%,26, 2.37 , 0.09 , 0.83 , 93.08 ,52.5,Monday, 1 
65,30,35,1000,65.4%,26, 2.32 , 0.09 , 0.84 , 96.92 ,60,Monday, 1 
35,15,20,1000,65.2%,46, (0.30), (0.01), 0.88 , 74.13 ,40,Friday, 5 
45,20,25,1000,65.2%,23, 7.36 , 0.32 , 0.79 , 94.35 ,80,Thursday, 4 
75,60,15,1000,65.0%,20, (3.49), (0.17), 0.79 , 59.25 ,27.5,Friday, 5 
70,50,20,1000,65.0%,20, (2.57), (0.13), 0.76 , 67.50 ,45,Friday, 5 
75,55,20,1000,65.0%,20, (2.34), (0.12), 0.77 , 63.00 ,32.5,Friday, 5 
75,50,25,1000,65.0%,20, (1.93), (0.10), 0.77 , 64.50 ,37.5,Friday, 5 
50,20,30,1000,65.0%,20, 6.95 , 0.35 , 0.78 , 101.50 ,80,Thursday, 4 
70,35,35,1000,65.0%,20, 1.51 , 0.08 , 0.91 , 111.25 ,85,Monday, 1 
70,30,40,1000,65.0%,20, 1.40 , 0.07 , 0.90 , 114.25 ,85,Monday, 1 
50,20,30,1000,64.9%,37, 3.22 , 0.09 , 0.91 , 98.11 ,60,Monday, 1 
30,0,30,1000,64.9%,37, 16.02 , 0.43 , 1.06 , 104.05 ,85,Thursday, 4 
95,85,10,1000,64.7%,17, 0.65 , 0.04 , 0.54 , 57.35 ,35,Wednesday, 3 
35,20,15,1000,64.7%,51, 0.65 , 0.01 , 0.82 , 64.12 ,35,Friday, 5 
90,70,20,1000,64.7%,17, (0.12), (0.01), 0.63 , 75.29 ,40,Wednesday, 3 
70,35,35,1000,64.7%,17, (2.89), (0.17), 0.80 , 87.65 ,50,Friday, 5 
80,40,40,1000,64.7%,17, 2.19 , 0.13 , 0.90 , 105.29 ,90,Monday, 1 
70,30,40,1000,64.7%,17, (3.49), (0.21), 0.77 , 88.53 ,50,Friday, 5 
75,35,40,1000,64.7%,17, (2.37), (0.14), 0.81 , 86.47 ,50,Friday, 5 
75,30,45,1000,64.7%,17, (2.97), (0.17), 0.78 , 87.35 ,50,Friday, 5 
60,40,20,1000,64.5%,31, 0.85 , 0.03 , 0.82 , 81.61 ,40,Monday, 1 
55,25,30,1000,64.5%,31, 0.01 , 0.00 , 0.89 , 103.55 ,60,Monday, 1 
50,10,40,1000,64.5%,31, 1.50 , 0.05 , 1.01 , 132.74 ,115,Monday, 1 
50,5,45,1000,64.5%,31, 1.73 , 0.06 , 1.02 , 133.23 ,115,Monday, 1 
50,0,50,1000,64.5%,31, 2.90 , 0.09 , 1.06 , 133.71 ,115,Monday, 1 
20,10,10,1000,64.4%,73, (5.82), (0.08), 0.91 , 94.11 ,50,Wednesday, 3 
10,0,10,1000,64.3%,84, (2.52), (0.03), 1.10 , 96.96 ,55,Wednesday, 3 
40,20,20,1000,64.3%,42, 1.14 , 0.03 , 0.88 , 70.83 ,37.5,Friday, 5 
35,10,25,1000,64.3%,56, 10.14 , 0.18 , 1.10 , 94.91 ,52.5,Monday, 1 
60,35,25,1000,64.3%,28, (1.29), (0.05), 0.82 , 68.04 ,32.5,Friday, 5 
60,30,30,1000,64.3%,28, 1.19 , 0.04 , 0.91 , 101.61 ,62.5,Monday, 1 
85,45,40,1000,64.3%,14, (1.50), (0.11), 0.89 , 88.93 ,47.5,Friday, 5 
85,40,45,1000,64.3%,14, (1.20), (0.09), 0.89 , 90.36 ,52.5,Friday, 5 
85,35,50,1000,64.3%,14, (0.89), (0.06), 0.89 , 94.64 ,67.5,Friday, 5 
85,30,55,1000,64.3%,14, (1.49), (0.11), 0.87 , 95.71 ,67.5,Friday, 5 
80,0,80,1000,64.3%,14, (1.51), (0.11), 0.95 , 127.14 ,67.5,Friday, 5 
20,10,10,1000,64.1%,78, (6.17), (0.08), 1.13 , 84.55 ,35,Monday, 1 
15,5,10,1000,64.1%,78, (7.02), (0.09), 0.94 , 95.38 ,50,Wednesday, 3 
40,15,25,1000,64.0%,50, 11.09 , 0.22 , 0.86 , 96.00 ,52.5,Wednesday, 3 
15,0,15,1000,63.9%,61, 0.08 , 0.00 , 1.11 , 82.13 ,40,Friday, 5 
15,5,10,1000,63.9%,83, (7.86), (0.09), 1.16 , 87.41 ,35,Monday, 1 
85,75,10,1000,63.6%,11, 1.48 , 0.13 , 0.37 , 57.27 ,25,Thursday, 4 
45,35,10,1000,63.6%,44, (0.42), (0.01), 0.76 , 52.27 ,17.5,Friday, 5 
40,25,15,1000,63.6%,22, 1.21 , 0.05 , 0.74 , 90.23 ,70,Tuesday, 2 
40,25,15,1000,63.6%,44, 1.80 , 0.04 , 0.85 , 65.11 ,30,Friday, 5 
25,5,20,1000,63.6%,44, 14.02 , 0.32 , 0.98 , 91.48 ,62.5,Thursday, 4 
95,70,25,1000,63.6%,11, (3.36), (0.31), 0.89 , 80.91 ,55,Friday, 5 
40,10,30,1000,63.6%,44, 8.56 , 0.19 , 0.97 , 114.66 ,62.5,Wednesday, 3 
95,65,30,1000,63.6%,11, (0.15), (0.01), 0.81 , 110.91 ,70,Wednesday, 3 
45,15,30,1000,63.6%,22, 7.78 , 0.35 , 0.86 , 102.73 ,80,Thursday, 4 
95,60,35,1000,63.6%,11, 0.22 , 0.02 , 0.83 , 114.55 ,70,Wednesday, 3 
45,10,35,1000,63.6%,22, 9.12 , 0.41 , 0.94 , 104.32 ,80,Thursday, 4 
40,0,40,1000,63.6%,44, 4.03 , 0.09 , 1.10 , 114.20 ,57.5,Monday, 1 
95,55,40,1000,63.6%,11, 0.26 , 0.02 , 0.83 , 115.00 ,70,Wednesday, 3 
90,25,65,1000,63.6%,11, (2.83), (0.26), 0.84 , 116.82 ,85,Friday, 5 
90,20,70,1000,63.6%,11, (2.83), (0.26), 0.84 , 116.82 ,85,Friday, 5 
90,15,75,1000,63.6%,11, (2.83), (0.26), 0.84 , 116.82 ,85,Friday, 5 
90,10,80,1000,63.6%,11, (3.34), (0.30), 0.91 , 117.73 ,85,Friday, 5 
90,5,85,1000,63.6%,11, (3.34), (0.30), 0.91 , 117.73 ,85,Friday, 5 
35,20,15,1000,63.5%,63, 7.60 , 0.12 , 0.82 , 79.52 ,45,Wednesday, 3 
35,0,35,1000,63.5%,52, 9.30 , 0.18 , 1.26 , 108.17 ,60,Monday, 1 
20,0,20,1000,63.3%,49, 14.08 , 0.29 , 0.96 , 100.71 ,70,Thursday, 4 
85,75,10,1000,63.2%,19, (1.70), (0.09), 0.71 , 48.95 ,15,Friday, 5 
90,80,10,1000,63.2%,19, (1.06), (0.06), 0.67 , 43.42 ,15,Friday, 5 
75,40,35,1000,63.2%,19, 2.37 , 0.12 , 0.90 , 98.16 ,85,Monday, 1 
50,15,35,1000,63.2%,19, 6.96 , 0.37 , 0.84 , 110.53 ,90,Thursday, 4 
50,10,40,1000,63.2%,19, 7.93 , 0.42 , 0.93 , 111.84 ,90,Thursday, 4 
70,25,45,1000,63.2%,19, 0.63 , 0.03 , 0.91 , 125.00 ,135,Monday, 1 
50,5,45,1000,63.2%,19, 8.51 , 0.45 , 0.94 , 113.42 ,100,Thursday, 4 
70,20,50,1000,63.2%,19, 0.47 , 0.02 , 0.89 , 129.21 ,135,Monday, 1 
70,15,55,1000,63.2%,19, 0.47 , 0.02 , 0.89 , 129.21 ,135,Monday, 1 
70,10,60,1000,63.2%,19, 0.16 , 0.01 , 0.88 , 132.89 ,135,Monday, 1 
70,5,65,1000,63.2%,19, 0.39 , 0.02 , 0.90 , 133.68 ,135,Monday, 1 
70,0,70,1000,63.2%,19, 0.92 , 0.05 , 0.94 , 134.21 ,135,Monday, 1 
40,25,15,1000,63.0%,54, 5.35 , 0.10 , 0.78 , 80.19 ,42.5,Wednesday, 3 
65,40,25,1000,63.0%,27, 0.87 , 0.03 , 0.79 , 85.74 ,50,Monday, 1 
35,5,30,1000,63.0%,54, 9.93 , 0.18 , 1.18 , 101.85 ,57.5,Monday, 1 
60,30,30,1000,63.0%,27, (1.90), (0.07), 0.85 , 71.11 ,35,Friday, 5 
15,0,15,1000,62.9%,70, (7.53), (0.11), 1.00 , 110.21 ,70,Wednesday, 3 
50,35,15,1000,62.9%,35, (2.11), (0.06), 0.77 , 61.43 ,30,Friday, 5 
45,25,20,1000,62.9%,35, (2.40), (0.07), 0.85 , 70.14 ,30,Friday, 5 
40,5,35,1000,62.8%,43, 8.04 , 0.19 , 0.98 , 120.35 ,90,Wednesday, 3 
20,5,15,1000,62.7%,59, (0.24), (0.00), 0.94 , 75.76 ,35,Friday, 5 
35,15,20,1000,62.7%,59, 9.44 , 0.16 , 0.84 , 89.32 ,50,Wednesday, 3 
90,80,10,1000,62.5%,8, 0.75 , 0.09 , 0.30 , 60.00 ,30,Thursday, 4 
85,70,15,1000,62.5%,16, (2.74), (0.17), 0.84 , 61.56 ,35,Friday, 5 
90,75,15,1000,62.5%,16, (2.05), (0.13), 0.76 , 55.00 ,22.5,Friday, 5 
25,5,20,1000,62.5%,64, (0.52), (0.01), 1.16 , 98.44 ,45,Monday, 1 
30,10,20,1000,62.5%,56, 1.56 , 0.03 , 0.92 , 107.32 ,57.5,Wednesday, 3 
35,10,25,1000,62.5%,48, 4.18 , 0.09 , 0.95 , 116.35 ,62.5,Wednesday, 3 
75,40,35,1000,62.5%,8, 0.19 , 0.02 , 0.78 , 140.00 ,122.5,Thursday, 4 
85,50,35,1000,62.5%,8, 1.63 , 0.20 , 0.94 , 123.13 ,80,Thursday, 4 
80,45,35,1000,62.5%,16, (2.92), (0.18), 0.79 , 81.25 ,47.5,Friday, 5 
65,25,40,1000,62.5%,24, 0.96 , 0.04 , 0.93 , 110.00 ,75,Monday, 1 
75,35,40,1000,62.5%,8, 0.43 , 0.05 , 0.79 , 141.25 ,122.5,Thursday, 4 
80,35,45,1000,62.5%,16, 2.88 , 0.18 , 0.96 , 117.50 ,120,Monday, 1 
75,30,45,1000,62.5%,8, 1.16 , 0.14 , 0.85 , 143.13 ,122.5,Thursday, 4 
80,30,50,1000,62.5%,16, 2.70 , 0.17 , 0.96 , 120.31 ,122.5,Monday, 1 
70,20,50,1000,62.5%,8, 4.96 , 0.62 , 0.67 , 110.00 ,80,Tuesday, 2 
80,25,55,1000,62.5%,16, 2.64 , 0.16 , 0.95 , 122.81 ,127.5,Monday, 1 
70,15,55,1000,62.5%,8, 7.93 , 0.99 , 1.23 , 113.13 ,92.5,Tuesday, 2 
80,20,60,1000,62.5%,16, 1.60 , 0.10 , 0.76 , 126.25 ,135,Monday, 1 
70,10,60,1000,62.5%,8, 8.37 , 1.05 , 1.22 , 118.75 ,92.5,Tuesday, 2 
80,15,65,1000,62.5%,16, 1.60 , 0.10 , 0.76 , 126.25 ,135,Monday, 1 
70,5,65,1000,62.5%,8, 8.37 , 1.05 , 1.22 , 118.75 ,92.5,Tuesday, 2 
80,10,70,1000,62.5%,16, 1.29 , 0.08 , 0.75 , 130.63 ,135,Monday, 1 
70,0,70,1000,62.5%,8, 8.46 , 1.06 , 1.23 , 119.38 ,92.5,Tuesday, 2 
80,5,75,1000,62.5%,16, 1.52 , 0.09 , 0.78 , 131.56 ,135,Monday, 1 
80,0,80,1000,62.5%,16, 1.52 , 0.09 , 0.78 , 131.56 ,135,Monday, 1 
25,0,25,1000,62.3%,61, (0.43), (0.01), 1.25 , 104.92 ,55,Monday, 1 
50,25,25,1000,62.1%,29, (3.79), (0.13), 0.83 , 78.10 ,30,Friday, 5 
50,20,30,1000,62.1%,29, (3.36), (0.12), 0.85 , 80.00 ,35,Friday, 5 
70,40,30,1000,61.9%,21, 0.62 , 0.03 , 0.87 , 101.67 ,90,Monday, 1 
40,0,40,1000,61.9%,42, 6.05 , 0.14 , 1.01 , 128.10 ,102.5,Wednesday, 3 
45,5,40,1000,61.9%,21, 9.56 , 0.46 , 1.01 , 112.62 ,80,Thursday, 4 
45,20,25,1000,61.8%,34, (2.62), (0.08), 0.87 , 74.26 ,37.5,Friday, 5 
35,5,30,1000,61.7%,47, 3.71 , 0.08 , 0.96 , 121.06 ,90,Wednesday, 3 
20,5,15,1000,61.5%,65, (6.53), (0.10), 0.97 , 109.31 ,65,Wednesday, 3 
45,30,15,1000,61.5%,39, (1.55), (0.04), 0.82 , 60.77 ,30,Friday, 5 
90,70,20,1000,61.5%,13, (3.40), (0.26), 0.89 , 71.92 ,45,Friday, 5 
40,15,25,1000,61.5%,39, 0.56 , 0.01 , 0.92 , 79.23 ,40,Friday, 5 
60,25,35,1000,61.5%,26, (0.02), (0.00), 0.97 , 113.65 ,62.5,Monday, 1 
90,40,50,1000,61.5%,13, 1.51 , 0.12 , 0.55 , 81.15 ,45,Monday, 1 
85,25,60,1000,61.5%,13, (1.00), (0.08), 1.01 , 105.77 ,55,Friday, 5 
85,20,65,1000,61.5%,13, (0.65), (0.05), 1.03 , 106.54 ,55,Friday, 5 
85,15,70,1000,61.5%,13, (0.65), (0.05), 1.03 , 106.54 ,55,Friday, 5 
85,10,75,1000,61.5%,13, (0.99), (0.08), 1.11 , 113.46 ,85,Friday, 5 
85,5,80,1000,61.5%,13, (1.00), (0.08), 1.11 , 126.54 ,85,Friday, 5 
20,5,15,1000,61.4%,70, (8.74), (0.12), 1.21 , 97.71 ,42.5,Monday, 1 
25,10,15,1000,61.3%,62, (3.60), (0.06), 0.90 , 104.52 ,52.5,Wednesday, 3 
40,30,10,1000,61.2%,49, 1.32 , 0.03 , 0.80 , 55.00 ,25,Friday, 5 
80,60,20,1000,61.1%,18, (3.52), (0.20), 0.79 , 62.50 ,32.5,Friday, 5 
70,45,25,1000,61.1%,18, (3.04), (0.17), 0.80 , 77.78 ,40,Friday, 5 
75,45,30,1000,61.1%,18, (2.52), (0.14), 0.81 , 76.67 ,37.5,Friday, 5 
50,0,50,1000,61.1%,18, 7.72 , 0.43 , 1.00 , 130.28 ,112.5,Thursday, 4 
60,15,45,1000,60.9%,23, (2.19), (0.10), 0.94 , 103.70 ,55,Friday, 5 
15,0,15,1000,60.8%,74, (10.44), (0.14), 1.29 , 101.82 ,42.5,Monday, 1 
40,20,20,1000,60.8%,51, 6.92 , 0.14 , 0.83 , 89.61 ,50,Wednesday, 3 
50,30,20,1000,60.6%,33, (2.75), (0.08), 0.81 , 66.52 ,30,Friday, 5 
30,10,20,1000,60.4%,48, 0.56 , 0.01 , 1.05 , 80.83 ,40,Friday, 5 
25,10,15,1000,60.4%,53, (2.33), (0.04), 0.97 , 77.74 ,40,Friday, 5 
95,80,15,1000,60.0%,15, (1.77), (0.12), 0.73 , 52.00 ,25,Friday, 5 
95,75,20,1000,60.0%,15, 1.13 , 0.08 , 0.60 , 72.00 ,50,Wednesday, 3 
85,65,20,1000,60.0%,15, (2.79), (0.19), 0.87 , 67.33 ,40,Friday, 5 
85,60,25,1000,60.0%,15, (2.43), (0.16), 0.87 , 69.33 ,40,Friday, 5 
95,65,30,1000,60.0%,10, (3.84), (0.38), 0.89 , 91.50 ,82.5,Friday, 5 
95,60,35,1000,60.0%,10, (3.48), (0.35), 0.89 , 94.50 ,95,Friday, 5 
95,55,40,1000,60.0%,10, (2.69), (0.27), 0.86 , 97.50 ,95,Friday, 5 
85,40,45,1000,60.0%,15, 2.88 , 0.19 , 0.93 , 83.33 ,75,Monday, 1 
95,50,45,1000,60.0%,10, 0.87 , 0.09 , 0.55 , 83.00 ,40,Monday, 1 
95,50,45,1000,60.0%,10, 0.16 , 0.02 , 0.90 , 129.50 ,162.5,Wednesday, 3 
45,0,45,1000,60.0%,20, 9.42 , 0.47 , 1.11 , 128.00 ,107.5,Thursday, 4 
95,50,45,1000,60.0%,10, (2.69), (0.27), 0.86 , 97.50 ,95,Friday, 5 
95,45,50,1000,60.0%,10, 1.10 , 0.11 , 0.58 , 83.50 ,40,Monday, 1 
95,45,50,1000,60.0%,10, (2.35), (0.23), 0.90 , 113.00 ,97.5,Friday, 5 
95,40,55,1000,60.0%,10, (2.26), (0.23), 0.86 , 114.00 ,100,Friday, 5 
95,35,60,1000,60.0%,10, (1.95), (0.20), 0.87 , 120.00 ,100,Friday, 5 
65,0,65,1000,60.0%,10, 4.88 , 0.49 , 1.07 , 176.50 ,122.5,Thursday, 4 
95,30,65,1000,60.0%,10, (2.62), (0.26), 0.82 , 121.00 ,100,Friday, 5 
90,0,90,1000,60.0%,10, (3.66), (0.37), 0.92 , 137.00 ,97.5,Friday, 5 
20,0,20,1000,59.7%,62, (6.47), (0.10), 1.01 , 118.95 ,85,Wednesday, 3 
30,5,25,1000,59.6%,52, 0.93 , 0.02 , 0.95 , 118.65 ,72.5,Wednesday, 3 
25,0,25,1000,59.3%,54, (3.54), (0.07), 1.00 , 127.04 ,92.5,Wednesday, 3 
25,5,20,1000,58.9%,56, (4.38), (0.08), 0.94 , 119.20 ,82.5,Wednesday, 3 
10,0,10,1000,58.8%,85, (14.92), (0.18), 1.28 , 93.24 ,35,Monday, 1 
95,80,15,1000,58.8%,17, 1.29 , 0.08 , 0.56 , 60.00 ,35,Wednesday, 3 
20,0,20,1000,58.8%,51, (1.02), (0.02), 1.08 , 90.88 ,45,Friday, 5 
55,20,35,1000,58.6%,29, 0.66 , 0.02 , 0.98 , 115.69 ,70,Monday, 1 
20,0,20,1000,58.5%,65, (10.22), (0.16), 1.31 , 107.92 ,45,Monday, 1 
95,85,10,1000,58.3%,12, 0.01 , 0.00 , 0.37 , 42.08 ,27.5,Monday, 2 
95,75,20,1000,58.3%,12, 0.18 , 0.01 , 0.38 , 48.33 ,40,Monday, 1 
95,70,25,1000,58.3%,12, 0.83 , 0.07 , 0.45 , 57.08 ,40,Monday, 1 
90,65,25,1000,58.3%,12, (3.73), (0.31), 0.90 , 79.58 ,57.5,Friday, 5 
90,60,30,1000,58.3%,12, (3.37), (0.28), 0.90 , 82.08 ,70,Friday, 5 
65,20,45,1000,58.3%,24, 2.05 , 0.09 , 1.03 , 114.17 ,90,Monday, 1 
90,35,55,1000,58.3%,12, 1.88 , 0.16 , 0.67 , 101.67 ,80,Monday, 1 
90,30,60,1000,58.3%,12, 1.64 , 0.14 , 0.65 , 104.58 ,82.5,Monday, 1 
90,25,65,1000,58.3%,12, 1.30 , 0.11 , 0.63 , 106.25 ,87.5,Monday, 1 
90,20,70,1000,58.3%,12, 2.06 , 0.17 , 0.75 , 108.33 ,97.5,Monday, 1 
90,15,75,1000,58.3%,12, 2.06 , 0.17 , 0.75 , 108.33 ,97.5,Monday, 1 
90,10,80,1000,58.3%,12, 2.06 , 0.17 , 0.75 , 108.33 ,97.5,Monday, 1 
90,5,85,1000,58.3%,12, 2.29 , 0.19 , 0.80 , 109.58 ,97.5,Monday, 1 
85,0,85,1000,58.3%,12, (1.20), (0.10), 1.13 , 142.92 ,97.5,Friday, 5 
90,0,90,1000,58.3%,12, 2.29 , 0.19 , 0.80 , 109.58 ,97.5,Monday, 1 
55,35,20,1000,58.1%,31, (2.13), (0.07), 0.81 , 65.00 ,30,Friday, 5 
30,0,30,1000,58.0%,50, 0.97 , 0.02 , 1.00 , 127.20 ,90,Wednesday, 3 
65,10,55,1000,57.9%,19, (3.12), (0.16), 0.87 , 115.26 ,70,Friday, 5 
65,5,60,1000,57.9%,19, (3.13), (0.16), 0.87 , 124.21 ,70,Friday, 5 
30,5,25,1000,57.8%,45, 0.34 , 0.01 , 1.11 , 89.00 ,40,Friday, 5 
35,0,35,1000,57.8%,45, 1.68 , 0.04 , 1.02 , 131.67 ,100,Wednesday, 3 
55,25,30,1000,57.7%,26, (3.69), (0.14), 0.87 , 83.08 ,32.5,Friday, 5 
55,20,35,1000,57.7%,26, (3.27), (0.13), 0.89 , 85.19 ,37.5,Friday, 5 
55,10,45,1000,57.7%,26, 0.26 , 0.01 , 1.09 , 142.88 ,130,Monday, 1 
55,5,50,1000,57.7%,26, 0.49 , 0.02 , 1.10 , 143.46 ,130,Monday, 1 
55,0,55,1000,57.7%,26, 1.02 , 0.04 , 1.12 , 143.85 ,130,Monday, 1 
40,0,40,1000,57.6%,33, (0.49), (0.01), 1.05 , 105.15 ,40,Friday, 5 
95,85,10,1000,57.1%,7, 0.85 , 0.12 , 0.31 , 65.00 ,35,Thursday, 4 
25,5,20,1000,57.1%,49, (2.50), (0.05), 1.02 , 86.33 ,45,Friday, 5 
95,70,25,1000,57.1%,14, 0.72 , 0.05 , 0.61 , 81.43 ,45,Wednesday, 3 
40,10,30,1000,57.1%,35, (1.64), (0.05), 0.99 , 92.57 ,40,Friday, 5 
50,15,35,1000,57.1%,28, (4.00), (0.14), 0.87 , 93.57 ,37.5,Friday, 5 
55,15,40,1000,57.1%,28, 0.91 , 0.03 , 1.05 , 125.36 ,75,Monday, 1 
85,35,50,1000,57.1%,14, 3.50 , 0.25 , 1.00 , 97.50 ,80,Monday, 1 
75,25,50,1000,57.1%,7, 1.74 , 0.25 , 0.99 , 165.71 ,145,Thursday, 4 
85,30,55,1000,57.1%,14, 3.26 , 0.23 , 0.99 , 100.00 ,80,Monday, 1 
75,20,55,1000,57.1%,7, 1.74 , 0.25 , 0.99 , 165.71 ,145,Thursday, 4 
85,25,60,1000,57.1%,14, 2.92 , 0.21 , 0.98 , 101.43 ,80,Monday, 1 
75,15,60,1000,57.1%,7, 1.92 , 0.27 , 1.01 , 167.86 ,145,Thursday, 4 
85,20,65,1000,57.1%,14, 1.82 , 0.13 , 0.79 , 105.00 ,92.5,Monday, 1 
75,10,65,1000,57.1%,7, 2.16 , 0.31 , 1.06 , 168.57 ,145,Thursday, 4 
85,15,70,1000,57.1%,14, 1.82 , 0.13 , 0.79 , 105.00 ,92.5,Monday, 1 
75,5,70,1000,57.1%,7, 2.51 , 0.36 , 1.08 , 169.29 ,145,Thursday, 4 
85,10,75,1000,57.1%,14, 1.82 , 0.13 , 0.79 , 105.00 ,92.5,Monday, 1 
85,5,80,1000,57.1%,14, 2.05 , 0.15 , 0.83 , 106.07 ,92.5,Monday, 1 
80,0,80,1000,57.1%,7, 1.94 , 0.28 , 1.12 , 192.14 ,140,Thursday, 4 
85,0,85,1000,57.1%,14, 2.05 , 0.15 , 0.83 , 106.07 ,92.5,Monday, 1 
85,0,85,1000,57.1%,7, 1.86 , 0.27 , 1.13 , 190.00 ,125,Thursday, 4 
55,30,25,1000,56.7%,30, (2.53), (0.08), 0.85 , 68.33 ,30,Friday, 5 
60,10,50,1000,56.5%,23, 0.30 , 0.01 , 1.15 , 141.09 ,140,Monday, 1 
65,15,50,1000,56.5%,23, 2.12 , 0.09 , 1.09 , 122.17 ,115,Monday, 1 
60,5,55,1000,56.5%,23, 0.53 , 0.02 , 1.16 , 141.74 ,140,Monday, 1 
60,0,60,1000,56.5%,23, 1.06 , 0.05 , 1.18 , 142.17 ,140,Monday, 1 
25,0,25,1000,56.4%,39, 11.81 , 0.30 , 1.09 , 108.59 ,90,Thursday, 4 
35,10,25,1000,56.4%,39, (4.46), (0.11), 0.94 , 90.13 ,40,Friday, 5 
45,15,30,1000,56.3%,32, (3.51), (0.11), 0.91 , 89.84 ,37.5,Friday, 5 
30,0,30,1000,56.1%,41, 1.50 , 0.04 , 1.27 , 100.49 ,50,Friday, 5 
60,20,40,1000,56.0%,25, 1.08 , 0.04 , 1.07 , 122.20 ,70,Monday, 1 
40,5,35,1000,55.9%,34, (1.53), (0.04), 1.03 , 98.68 ,40,Friday, 5 
65,0,65,1000,55.6%,18, (2.74), (0.15), 0.86 , 135.00 ,80,Friday, 5 
70,0,70,1000,55.6%,9, 3.56 , 0.40 , 1.08 , 187.78 ,130,Thursday, 4 
95,25,70,1000,55.6%,9, (2.80), (0.31), 0.80 , 137.78 ,100,Friday, 5 
95,20,75,1000,55.6%,9, (2.80), (0.31), 0.80 , 137.78 ,100,Friday, 5 
95,15,80,1000,55.6%,9, (2.80), (0.31), 0.80 , 137.78 ,100,Friday, 5 
95,10,85,1000,55.6%,9, (3.31), (0.37), 0.88 , 138.89 ,100,Friday, 5 
95,5,90,1000,55.6%,9, (3.31), (0.37), 0.88 , 138.89 ,100,Friday, 5 
25,0,25,1000,54.5%,44, (2.17), (0.05), 1.17 , 99.89 ,47.5,Friday, 5 
65,10,55,1000,54.5%,22, 1.06 , 0.05 , 1.10 , 133.64 ,125,Monday, 1 
65,5,60,1000,54.5%,22, 1.29 , 0.06 , 1.11 , 134.32 ,125,Monday, 1 
65,0,65,1000,54.5%,22, 1.82 , 0.08 , 1.14 , 134.77 ,125,Monday, 1 
35,0,35,1000,54.3%,35, (4.02), (0.11), 1.03 , 107.14 ,50,Friday, 5 
60,15,45,1000,54.2%,24, 1.14 , 0.05 , 1.14 , 130.21 ,92.5,Monday, 1 
35,5,30,1000,54.1%,37, (4.70), (0.13), 0.98 , 97.97 ,45,Friday, 5 
50,10,40,1000,53.8%,26, (6.12), (0.24), 0.88 , 107.88 ,42.5,Friday, 5 
60,10,50,1000,52.4%,21, (5.05), (0.24), 0.96 , 121.19 ,55,Friday, 5 
55,15,40,1000,52.0%,25, (3.90), (0.16), 0.91 , 100.60 ,40,Friday, 5 
50,5,45,1000,52.0%,25, (6.84), (0.27), 0.87 , 118.20 ,45,Friday, 5 
45,0,45,1000,51.9%,27, (3.99), (0.15), 1.02 , 121.67 ,55,Friday, 5 
45,10,35,1000,51.7%,29, (4.71), (0.16), 0.96 , 104.31 ,45,Friday, 5 
45,5,40,1000,50.0%,28, (5.03), (0.18), 0.98 , 113.21 ,52.5,Friday, 5 
50,0,50,1000,50.0%,24, (6.18), (0.26), 0.88 , 127.71 ,70,Friday, 5 
60,5,55,1000,50.0%,20, (5.93), (0.30), 0.95 , 135.75 ,85,Friday, 5 
90,0,90,1000,50.0%,6, 0.24 , 0.04 , 0.88 , 210.83 ,200,Thursday, 4 
95,0,95,1000,50.0%,6, 0.49 , 0.08 , 0.85 , 209.17 ,200,Thursday, 4 
95,0,95,1000,50.0%,8, (3.81), (0.48), 0.86 , 166.25 ,100,Friday, 5 
55,10,45,1000,47.8%,23, (6.27), (0.27), 0.92 , 116.09 ,55,Friday, 5 
60,0,60,1000,47.4%,19, (5.54), (0.29), 0.95 , 146.58 ,115,Friday, 5 
55,5,50,1000,45.5%,22, (7.08), (0.32), 0.91 , 128.86 ,60,Friday, 5 
95,40,55,1000,44.4%,9, 0.52 , 0.06 , 0.62 , 93.89 ,40,Monday, 1 
95,35,60,1000,44.4%,9, 1.50 , 0.17 , 0.72 , 97.78 ,40,Monday, 1 
95,30,65,1000,44.4%,9, 1.22 , 0.14 , 0.68 , 100.00 ,50,Monday, 1 
95,25,70,1000,44.4%,9, 1.28 , 0.14 , 0.69 , 101.11 ,50,Monday, 1 
95,20,75,1000,44.4%,9, 2.04 , 0.23 , 0.85 , 103.89 ,50,Monday, 1 
95,15,80,1000,44.4%,9, 2.04 , 0.23 , 0.85 , 103.89 ,50,Monday, 1 
95,10,85,1000,44.4%,9, 2.04 , 0.23 , 0.85 , 103.89 ,50,Monday, 1 
95,5,90,1000,44.4%,9, 2.27 , 0.25 , 0.90 , 105.56 ,50,Monday, 1 
95,0,95,1000,44.4%,9, 2.27 , 0.25 , 0.90 , 105.56 ,50,Monday, 1 
55,0,55,1000,42.9%,21, (6.69), (0.32), 0.91 , 138.33 ,65,Friday, 5 
75,0,75,1000,42.9%,7, 1.59 , 0.23 , 1.14 , 197.86 ,145,Thursday, 4 